full_id;osm_id;osm_type;frequency;landuse;location;name;operator;power;substation;voltage;addr:city;addr:country;addr:housename;addr:housenumber;addr:postcode;addr:street;building;int_name;old_name;building:levels;barrier;height;ref;roof:shape;man_made;street_cabinet;building:material;roof:levels;roof:material;emergency;building:colour;at_bev:addr_date;source:location;addr:place;transformer;railway:position:exact;gas_insulated;building:part;material;phone;fence_type;name:old;rating;start_date;description;local_wiki;plant:output:electricity;plant:source;wikidata;plant:method;generator:type;wikipedia;plant:output:heat;official_name;addr:hamlet;plant:output:hot_water;alt_name
232281471;way;;;;Attnang Agergasse;Energie AG;substation;;;;;;;;;yes;;;;;;;;;;;;;;;;geoimage.at;;;;;;;;;;;;;;;;;;;;;;;;;
624277282;way;;;outdoor;Dietachdorf Wasserwerk;Netz OÖ;substation;industrial;;;;;;;;yes;;;;;;;;;;;;;;;;;;;;;;;;;;;;;;;;;;;;;;;;;
40917240;way;50;;outdoor;EWW - Umspannwerk Ost;EWW;substation;distribution;110000;;;;;;;;;;;;;;;;;;;;;;;;;;;;;16;;;;;;;;;;;;;;;;;;;
210191809;way;;;;Freiluftschaltanlage KW Schärding-Neuhaus;Austrian Power Grid AG;substation;transmission;220000;;;;;;;;;;;;;;;;;;;;;;;;;;;;;88;;;;;;;;;;;;;;;;;;;
390051204;way;;;;Helmberg;;substation;;;;;;;;;yes;;;;;;;;;;;;;;;;;;;;;;;;;;;;;;;;;;;;;;;;;
166880026;way;;;;Oberlaab - Kumelgut;;substation;;;;;;;;;yes;;;;;;;;;;;;;;;;;;;;;;;;;;;;;;;;;;;;;;;;;
339132408;way;;;;Preising;;substation;;;;;;;;;transformer_tower;;;;;;;;;;;;;;;;;;;;;;;;;;;;;;;;;;;;;;;;;
363629966;way;;;;Regau Gewerbe;;substation;;;;;;;;;service;;;;;;;;;;;;;;;;;;;;;;;;;;;;;;;;;;;;;;;;;
337993242;way;;;indoor;Regau Mitte;Netz. OÖ;substation;;;;;;;;;service;;;;;;;;;;;;;;;;geoimage.at;;;;;;;;;;;;;;;;;;;;;;;;;
367009432;way;;;;Rutzenmoos Waldweg;;substation;;;;;;;;;service;;;;;;;;;;;;;;;;;;;;;;;;;;;;;;;;;;;;;;;;;
332856961;way;;;;Sattledt Ind.;Energie AG;substation;;;;;;;;;yes;;;;;;;;;;;;;;;;;;;;;;;;;;;;;;;;;;;;;;;;;
319320161;way;;;;Sattledt Siedlung;Energie AG;substation;;;;;;;;;yes;;;;;;;;;;;;;;;;;;;;;;;;;;;;;;;;;;;;;;;;;
235546807;way;;;;Schaltwerk Kronstorf;Austrian Power Grid AG;substation;transmission;380000;;;;;;;;;;;;;;;;;;;;;;;;;;;;;91;;;;;;;;;;;;;;;;;;;
30842675;way;50;;outdoor;Schaltwerk Ohlsdorf;Energie AG;substation;transmission;110000;;;;;;;;;;;;;;;;;;;;;;;;;;;;;2;;;;;;;;;;;;;;;;;;;
234349482;way;50;;indoor;Schwaming;Energie AG;substation;distribution;;;;;;;;transformer_tower;;;;;;;;;;;;;;;;;;;;;;;;;;;;;;;;;;;;;;;;;
385416002;way;;;;Schwanenstadt Alpina;;substation;;;;;;;;;transformer_tower;;;;;;;;;;;;;;;;;;;;;;;;;;;;;;;;;;;;;;;;;
142811383;way;;;;Trafo Hasenufer;Energie AG;substation;;;;;;;;;transformer_tower;;;2;;;;gabled;;;plaster;0.5;roof_tiles;;;;;;;;;;;;;;;;;;;;;;;;;;;;;
118104933;way;;;;Umrichterwerk Timelkam;;substation;;;;;;;;;;;;;;;;;;;;;;;;;;;;;;;57;;;;;;;;;;;;;;;;;;;
95975628;way;50;;outdoor;Umspannwerk Aigerding;Energie AG;substation;distribution;110000;;;;;;;;;;;;;;;;;;;;;;;;;;;;;45;;;;;;;;;;;;;;;;;;;
95978048;way;50;;outdoor;Umspannwerk Antiesenhofen;;substation;distribution;110000;;;;;;;;;;;;;;;;;;;;;;;;;;;;;46;;;;;;;;;;;;;;;;;;;
95025698;way;50;;outdoor;Umspannwerk Bad Hall;;substation;distribution;110000;;;;;;;;;;;;;;;;;;;;;;;;;;;;;33;;;;;;;;;;;;;;;;;;;
174531795;way;50;;outdoor;Umspannwerk Baumgartenberg;Linz Strom GmbH;substation;transmission;;;;;;;;;;;;;;;;;;;;;;;;;;;;;;84;;;;;;;;;;;;;;;;;;;
92870633;way;50;industrial;outdoor;Umspannwerk Eferding;;substation;distribution;110000;;;;;;;;;;;fence;;;;;;;;;;;;;;;;;;;;;;;;;;;;;;;;;;;;;
186110657;way;50;;outdoor;Umspannwerk Enns-Industrie;;substation;industrial;110000;;;;;;;;;;;;;;;;;;;;;;;;;;;;;86;;;;;;;;;;;;;;;;;;;
587747481;way;50;;outdoor;Umspannwerk Feldkirchen;;substation;transmission;;;;;;;;;;;;;;;;;;;;;;;;;;;;;;143;;;;;;;;;;;;;;;;;;;
95289063;way;50;;outdoor;Umspannwerk Frankenmarkt;;substation;distribution;110000;;;;;;;;;;;;;;;;;;;;;;;;;;;;;35;;;;;;;;;;;;;;;;;;;
135931468;way;50;;outdoor;Umspannwerk Franzosenhausweg;Linz AG;substation;distribution;110000;;;;;;;;;;;fence;;;;;;;;;;;;;;;;;;71;;;;;;;;;;;;;;;;;;;
35034309;way;50;;outdoor;Umspannwerk Freistadt;Linz Strom AG;substation;distribution;"110000;20000";;;;;;;;;;;fence;;;;;;;;;;;;;;;;;;13;;;chain_link;;;;;;;;;;;;;;;;
95843031;way;50;;outdoor;Umspannwerk Friensdorf;Linz Strom AG;substation;distribution;110000;;;;;;;;;;;;;;;;;;;;;;;;;;;;;44;;;;;;;;;;;;;;;;;;;
86869607;way;50;;outdoor;Umspannwerk Gmunden;Energie AG;substation;distribution;110000;;;;;;;;;;;;;;;;;;;;;;;;;;;;;22;;;;;;;;;;;;;;;;;;;
95024146;way;50;;outdoor;Umspannwerk Grieskirchen;Energie AG;substation;distribution;110000;;;;;;;;;;;;;;;;;;;;;;;;;;;;;31;;;;;;;;;;;;;;;;;;;
42306133;way;50;;outdoor;Umspannwerk Großraming;;substation;transmission;110000;;;;;;;;;;;;;;;;;;;;;;;;;;;;;17;;;;Schaltanlage Großraming;;;;;;;;;;;;;;;
93077882;way;50;industrial;outdoor;Umspannwerk Hausruck;Verbund Austrian Power Grid AG;substation;transmission;200000;;;;;;;;;;;fixme;;;;;;;;;;;;;;;;;;;;;;;;;;;;;;;;;;;;;
105348874;way;50;;outdoor;Umspannwerk Jahrsdorf;Energie AG;substation;distribution;110000;;;;;;;;;;;;;;;;;;;;;;;;;;;;;53;;;;;;;;;;;;;;;;;;;
105431455;way;50;;outdoor;Umspannwerk Jahrsdorf 2 (i.B.);;substation;transition;110000;;;;;;;;;;;fence;;;;;;;;;;;;;;;;;;54;;;;;;;;;;;;;;;;;;;
33077861;way;;industrial;outdoor;Umspannwerk Katzbach;Linz AG;substation;transition;;;;;;;;;;;;;;;;;;;;;;;;;;;;;;;;;;;;;;;;;;;;;;;;;
95025696;way;50;;outdoor;Umspannwerk Kirchdorf;;substation;distribution;110000;;;;;;;;;;;fence;;;;;;;;;;;;;;;;;;32;;;wire;;;;;;;;;;;;;;;;
152245073;way;50;;;Umspannwerk Klaus;;substation;;220000;;;;;;;;;;;;;;;;;;;;;;;;;;;;;78;;;;;;;;;;;;;;;;;;;
50899766;way;50;;outdoor;Umspannwerk Kremsmünster;Energie AG;substation;distribution;110000;;;;;;;;;;;;;;;;;;;;;;;;;;;;;18;;;;;;;;;;;;;;;;;;;
95456147;way;;;;Umspannwerk Laakirchen;;substation;;;;;;;;;;;;;;;;;;;;;;;;;;;;;;;37;;;;;;;;;;;;;;;;;;;
118132395;way;50;industrial;outdoor;Umspannwerk Lambach;Energie AG;substation;transmission;110000;;;;;;;;;;;fixme;;;;;;;;;;;;;;;;;;;;;;;;;;;;;;;;;;;;;
118098478;way;;;;Umspannwerk Lenzing;;substation;;;;;;;;;;;;;;;;;;;;;;;;;;;;;;;56;;;;;;;;;;;;;;;;;;;
320442058;way;50;;;Umspannwerk Leonding;APG;substation;transmission;;;;;;;;;;;;;;;;;;;;;;;;;;;;;;105;;;;;;;;;;;;;;;;;;;
95003268;way;50;;outdoor;Umspannwerk Mattighofen;;substation;transmission;110000;;;;;;;;;;;;;;;;;;;;;;;;;;;;;30;;;;;;;;;;;;;;;;;;;
95828347;way;50;;outdoor;Umspannwerk Mauthausen;Linz AG;substation;distribution;110000;;;;;;;;;;;;;;;;;;;;;;;;;;;;;41;;;;;;;;;;;;;;;;;;;
98371047;way;50;;outdoor;Umspannwerk Nettingsdorf;;substation;industrial;110000;;;;;;;;;;;;;;;;;;;;;;;;;;;;;52;;;;;;;;;;;;;;;;;;;
24830381;way;50;industrial;outdoor;Umspannwerk Nord;LINZ AG;substation;distribution;110000;;;;;;;;;;;;;;;;;;;;;;;;;;;;;;;;;;;;;;;;;;;;;;;;
95743675;way;;;;Umspannwerk Pfandl;Energie AG;substation;;;;;;;;;;;;;;;;;;;;;;;;;;;;;;;40;;;;;;;;;;;;;;;;;;;
93370554;way;50;industrial;outdoor;Umspannwerk Pichling;;substation;transmission;110000;;;;;;;;;;;;;;;;;;;;;;;;;;;;;;;;;;;;;;;;;;;;;;;;
37232839;way;50;;outdoor;Umspannwerk Puchberg;;substation;distribution;110000;;;;;;;;;;;;;;;;;;;;;;;;;;;;;14;;;;;;;;;;;;;;;;;;;
89985993;way;50;;outdoor;Umspannwerk Pyhrn;Verbund Austrian Power Grid AG;substation;distribution;110000, 220000;;;;;;;;;;;;;;;;;;;;;;;;;;;;;24;;;;;;;;;;;;;;;;;;;
497665559;way;50;;;Umspannwerk Rainbach im Mühlkreis;Linz AG;substation;transmission;"110000;30000";;;;;;;;;;;;;;;;;;;;;;;;;;;;;139;;;;;40 MVA;2016;;;;;;;;;;;;;
81216242;way;50;;outdoor;Umspannwerk Ried;;substation;transmission;110000;;;;;;;;;;;;;;;;;;;;;;;;;;;;;19;;;;;;;;;;;;;;;;;;;
97870174;way;;;;Umspannwerk Riedersbach;;substation;;;;;;;;;;;;;;;;;;;;;;;;;;;;;;;49;;;;;;;;;;;;;;;;;;;
122351223;way;50;;outdoor;Umspannwerk Roßbach;;substation;distribution;110000;;;;;;;;;;;;;;;;;;;;;;;;;;;;;58;;;;;;;;;;;;;;;;;;;
81540198;way;;;;Umspannwerk St. Peter;Austrian Power Grid AG;substation;transmission;380 220;;;;;;;;;;;;;;;;;;;;;;;;;;;;;20;;;;;;;;;;;;;;;;;;;
107117959;way;50;;outdoor;Umspannwerk Steinkogl;Energie AG;substation;distribution;110000;;;;;;;;;;;;;;;;;;;;;;;;;;;;;55;;;;;;;;;;;;;;;;;;;
32809456;way;50;;outdoor;Umspannwerk Steyrermühl;;substation;industrial;110000;;;;;;;;;;;;;;;;;;;;;;;;;;;;;3;;;;;;;;;;;;;;;;;;;
33066588;way;50;;outdoor;Umspannwerk Steyr-Fischhub;;substation;distribution;110000;;;;;;;;;;;;;;;;;;;;;;;;;;;;;7;;;;;;;;;;;;;;;;;;;
33066376;way;50;;outdoor;Umspannwerk Steyr-Nord;Energie AG;substation;distribution;110000;;;;;;;;;;;;;;;;;;;;;;;;;;;;;6;;;;;;;;;;;;;;;;;;;
94159103;way;50;;outdoor;Umspannwerk Steyr-Ost;Energie AG Oberösterreich;substation;distribution;110000;;;;;;;;;;;;;;;;;;;;;;;;;;;;;29;;;;;;;;;;;;;;;;;;;
95640323;way;50;;outdoor;Umspannwerk Strobl;Energie AG;substation;distribution;110000;;;;;;;;;;;;;;;;;;;;;;;;;;;;;38;;;;;;;;;;;;;;;;;;;
33840061;way;50;;outdoor;Umspannwerk Timelkam;;substation;transmission;110000;;;;;;;;;;;;;;;;;;;;;;;;;;;;;11;;;;;;;;;;;;;;;;;;;
34258314;way;50;;outdoor;Umspannwerk Traunfall;;substation;;110000;;;;;;;;;;;;;;;;;;;;;;;;;;;;;12;;;;;;;;;;;;;;;;;;;
33064531;way;50;;outdoor;Umspannwerk Tyllisburg;;substation;distribution;110000;;;;;;;;;;;;;;;;;;;;;;;;;;;;;5;;;;;;;;;;;;;;;;;;;
95297285;way;50;;outdoor;Umspannwerk Unterach;Energie AG;substation;distribution;110000;;;;;;;;;;;;;;;;;;;;;;;;;;;;;36;;;;;;;;;;;;;;;;;;;
93187006;way;50;industrial;outdoor;Umspannwerk Vöcklabruck;;substation;distribution;110000;;;;;;;;;;;fence;;;;;;;;;;;;;;;;;;;;;;;;;;;;;;;;;;;;;
124415043;way;50;;outdoor;Umspannwerk Vorchdorf;Energie AG;substation;distribution;110000;;;;;;;;;;;;;;;;;;;;;;;;;;;;;64;;;;;;;;;;;;;;;;;;;
185860195;way;50;;outdoor;Umspannwerk Wagenham;Energie AG;substation;distribution;110000;;;;;;;;;;;;;;;;;;;;;;;;;;;;;85;;;;;;;;;;;;;;;;;;;
95837658;way;50;;outdoor;Umspannwerk Wallsee;Austrian Power Grid AG;substation;transmission;"110000; 380000;220000";;;;;;;;;;;fence;;;;;;;;;;;;;;;;;;43;;;chain_link;;;;;;;;;;;;;;;;
128132750;way;;;outdoor;Umspannwerk Wattstraße;Linz AG;substation;distribution;;;;;;;;;;;;;;;;;;;;;;;;;;;;;;66;;;;;;;;;;;;;;;;;;;
102572506;way;50;industrial;outdoor;Umspannwerk Wegscheid;Linz AG;substation;transmission;110000;;;;;;;;;;;fixme;;;;;;;;;;;;;;;;;;;;;;;;;;;;;;;;;;;;;
81639361;way;;;;UW Altmünster (i.B.);;substation;;;;;;;;;yes;;;;;;;;;;;;;;;;;;;;;;;;;;;;;;;;;;;;;;;;;
82225798;way;;;;UW Altmünster 2 (i.B.);;substation;;;;;;;;;yes;;;;;;;;;;;;;;;;;;;;;;;;;;;;;;;;;;;;;;;;;
82227734;way;;;;UW Altmünster 3 (i.B.);;substation;;;;;;;;;yes;;;;;;;;;;;;;;;;;;;;;;;;;;;;;;;;;;;;;;;;;
373750454;way;;;;UW Ampflwang im Hausruckwald (i.B.);;substation;;;;;;;;;transformer_tower;;;;;;;;;;;;;;;;;;;;;;;;;;;;;;;;;;;;;;;;;
428385400;way;;;;UW Ampflwang im Hausruckwald 2 (i.B.);;substation;;;;;;;;;yes;;;;;;;;;;;;;;;;;;;;;;;;;;;;;;;;;;;;;;;;;
429015579;way;;;;UW Ampflwang im Hausruckwald 3 (i.B.);;substation;;;;;;;;;yes;;;;;;;;;;;;;;;;;;;;;;;;;;;;;;;;;;;;;;;;;
92873353;way;50;;outdoor;UW Aschach (i.B.);;substation;transmission;220000;;;;;;;;;;;;;;;;;;;;;;;;;;;;;27;;;;;;;;;;;;;;;;;;;
423801203;way;;;;UW Aschach an der Steyr (i.B.);;substation;;;;;;;;;yes;;;;;;;;;;;;;;;;;;;;;;;;;;;;;;;;;;;;;;;;;
464687690;way;;;;UW Aschach an der Steyr-Haagen (i.B.);;substation;;;;;;;;;yes;;;;;;;;;;;;;;;;;;;;;;;;;;;;;;;;;;;;;;;;;
361223370;way;;;;UW Bad Ischl Süd (i.B.);;substation;;;;;;;;;yes;;;;;;;;;;;;;;;;;;;;;;;;;;;;;;;;;;;;;;;;;
736657631;way;;;;UW Braunau-Neustadt (i.B.);;substation;;;;;;;;;yes;;;;;;;;;;;;;;;;;;;;;;;;;;;;;;;;;;;;;;;;;
239849129;way;;;;UW Breiningsham (i.B.);;substation;;;;;;;;;yes;;;;;;;;;;;;;;;;;;;;;;;;;;;;;;;;;;;;;;;;;
429249555;way;;;;UW Breitenschützing (i.B.);;substation;;;;;;;;;yes;;;;;;;gabled;;;;;;;;;;;;;;;;;;;;;;;;;;;;;;;;;;
688730183;way;;;;UW Desselbrunn (i.B.);;substation;;;;;;;;;transformer_tower;;;;;;;hipped;;;;;;;;;;;;;;;;;;;;;;;;;;;;;;;;;;
470920898;way;;;;UW Dietach (i.B.);;substation;;;;;;;;;yes;;;;;;;;;;;;;;;;;;;;;;;;;;;;;;;;;;;;;;;;;
427574484;way;;;;UW Dietach 2 (i.B.);;substation;;;;;;;;;yes;;;;;;;;;;;;;;;;;;;;;;;;;;;;;;;;;;;;;;;;;
427598510;way;;;;UW Dietachdorf (i.B.);;substation;;;;;;;;;yes;;;;;;;;;;;;;;;;;;;;;;;;;;;;;;;;;;;;;;;;;
427599532;way;;;;UW Dornach (i.B.);;substation;;;;;;;;;yes;;;;;;;;;;;;;;;;;;;;;;;;;;;;;;;;;;;;;;;;;
313882215;way;;;;UW Edt bei Lambach Mitte (i.B.);;substation;;;;;;;;;yes;;;;;;;;;;;;;;;;;;;;;;;;;;;;;;;;;;;;;;;;;
202589293;way;;;;UW Edt bei Lambach-Graben (i.B.);;substation;;;;;;;;;yes;;;;;;;;;;;;;;;;;;;;;;;;;;;;;;;;;;;;;;;;;
202457631;way;;;;UW Edt bei Lambach-Kreisbichl (i.B.);;substation;;;;;;;;;yes;;;;;;;;;;;;;;;;;;;;;;;;;;;;;;;;;;;;;;;;;
202457634;way;;;;UW Edt bei Lambach-Unterroithen (i.B.);;substation;;;;;;;;;yes;;;;;;;;;;;;;;;;;;;;;;;;;;;;;;;;;;;;;;;;;
550559461;way;;;;UW Emprechting (i.B.);;substation;;;;;;;;;yes;;;;;;;;;;;;;;;;;;;;;;;;;;;;;;;;;;;;;;;;;
534217602;way;;;;UW Enns-Industrie 2 (i.B);;substation;industrial;;;;;;;;yes;;;;;;;;;;;;;;;;;;;;;;;;;;;;;;;;;;;;;;;;;
33616646;way;;;;UW Fernheizkraftwerk Mitte;;substation;;;;;;;;;;;;;;;;;;;;;;;;;;;;;;;9;;;;;;;;;;;;;;;;;;;
458485027;way;;;;UW Fraham Nord (i.B.);;substation;;;;;;;;;yes;;;;;;;;;;;;;;;;;;;;;;;;;;;;;;;;;;;;;;;;;
333216090;way;;;;UW Frankenmarkt 2 (i.B.);;substation;;;;;;;;;;;;;;;;;;;;;;;;;;;;;;;110;;;;;;;;;;;;;;;;;;;
263828641;way;;;;UW Franking (i.B.);;substation;;;;;;;;;yes;;;;;;;;;;;;;;;;;;;;;;;;;;;;;;;;;;;;;;;;;
276145081;way;;;;UW Garsten Nord (i.B.);;substation;;;;;;;;;yes;;;;;;;;;;;;;;;;;;;;;;;;;;;;;;;;;;;;;;;;;
486697579;way;;;;UW Garsten Süd (i.B.);;substation;;;;;;;;;yes;;;;;;;;;;;;;;;;;;;;;;;;;;;;;;;;;;;;;;;;;
259327225;way;50;;outdoor;UW Garsten Süd 2 (i.B.);;substation;distribution;110000;;;;;;;;;;;;;;;;;;;;;;;;;;;;;96;;;;;;;;;;;;;;;;;;;
177789829;way;;;;UW Geretsberg (i.B.);;substation;;;;;;;;;yes;;;;;;;;;;;;;;;;;;;;;;;;;;;;;;;;;;;;;;;;;
372426687;way;;;;UW Gewerbegebiet Holzleiten Nord (i.B.);Netz OÖ;substation;;;;;;;;;transformer_tower;;;;;;;;;;;;;;;;;;;;;;;;;;;;;;;;;;;;;;;;;
442533043;way;;;;UW Goldwörth (i.B.);;substation;;;;;;;;;yes;;;;;;;;;;;;;;;;;;;;;;;;;;;;;;;;;;;;;;;;;
426086945;way;;;;UW Großraming 2 (i.B.);;substation;;;;;;;;;yes;;;;;;;;;;;;;;;;;;;;;;;;;;;;;;;;;;;;;;;;;
426971380;way;;;;UW Großraming 3 (i.B.);;substation;;;;;;;;;yes;;;1;;;;flat;;;;;;;;;;;;;;;;;;;;;;;;;;;;;;;;;;
426098100;way;;;;UW Großraming 4 (i.B.);;substation;;;;;;;;;transformer_tower;;;;;;;hipped;;;;;;;;;;;;;;;;;;;;;;;;;;;;;;;;;;
426098076;way;;;;UW Großraming 5 (i.B.);;substation;;;;;;;;;yes;;;;;;;;;;;;;;;;;;;;;;;;;;;;;;;;;;;;;;;;;
453497497;way;;;;UW Großraming 6 (i.B.);;substation;;;;;;;;;yes;;;;;;;;;;;;;;;;;;;;;;;;;;;;;;;;;;;;;;;;;
408532980;way;;;;UW Grünbichl (i.B.);;substation;;;;;;;;;transformer_tower;;;;;;;;;;;;;;;;;;;;;;;;;;;;;;;;;;;;;;;;;
423855438;way;;;;UW Gründberg (i.B.);;substation;;;;;;;;;yes;;;;;;;;;;;;;;;;;;;;;;;;;;;;;;;;;;;;;;;;;
423854182;way;;;;UW Gründberg 2 (i.B.);;substation;;;;;;;;;yes;;;;;;;;;;;;;;;;;;;;;;;;;;;;;;;;;;;;;;;;;
221698919;way;;;;UW Gunskirchen (i.B.);;substation;;;;;;;;;yes;;;;;;;;;;;;;;;;;;;;;;;;;;;;;;;;;;;;;;;;;
518963689;way;;;;UW Gunskirchen 2 (i.B.);;substation;;;;;;;;;yes;;;;;;;;;;;;;;#e0dcb9;;;;;;;;;;;;;;;;;;;;;;;;;;;
222739981;way;;;;UW Gunskirchen 3 (i.B.);Netz OÖ;substation;;;;;;;;;yes;;;1;;;;;;;;;;;#a7995a;;;;;;;;;;;;;;;;;;;;;;;;;;;
322611894;way;;;;UW Gunskirchen 4 (i.B.);;substation;;;;;;;;;yes;;;;;;;;;;;;;;;;;;;;;;;;;;;;;;;;;;;;;;;;;
351311360;way;;;;UW Gunskirchen Nord (i.B.);;substation;;;;;;;;;yes;;;;;;;;;;;;;;;;;;;;;;;;;;;;;;;;;;;;;;;;;
221686378;way;;;;UW Gunskirchen-Pfarrhofwies (i.B.);;substation;;;;;;;;;yes;;;;;;;;;;;;;;;;;;;;;;;;;;;;;;;;;;;;;;;;;
321181552;way;;;;UW Hausruck-Prinsach (i.B.);Energie AG;substation;;;;;;;;;yes;;;;;;;;;;;;;;;;;;;;;;;;;;;;;;;;;;;;;;;;;
427415196;way;50;;indoor;UW Hochhalting (i.B.);Energie AG;substation;distribution;;;;;;;;transformer_tower;;;;;;Jeging Pfaffing;;;;;;;;;;;;;;;;;;;;;;;;;;;;;;;;;;;
497064713;way;;;;UW Hochleiten (i.B.);;substation;;;;;;;;;yes;;;;;;;;;;;;;;;;;;;;;;;;;;;;;;;;;;;;;;;;;
29563097;way;50;;indoor;UW Hütte Süd 110kV;voestalpine Stahl GmbH;substation;transmission;110000;Linz;AT;Stat.099;72;4030;Lunzerstraße;industrial;Transformer Station 110kV;Umpannwerk;;;;;;;;;;;;;;;;;;;;;;;;;;;;;;;;;;;;;;;
331331317;way;;;;UW Irnharting (i.B.);;substation;;;;;;;;;yes;;;;;;;;;;;;;;;;;;;;;;;;;;;;;;;;;;;;;;;;;
128153329;way;;;;UW Jainzen (i.B.);;substation;;;;;;;;;yes;;;;;;;;;;;;;;;;;;;;;;;;;;;;;;;;;;;;;;;;;
319178647;way;;;;UW Johannisthal (i.B.);;substation;;;;;;;;;yes;;;;;;;;;;;;;;;;;;;;;;;;;;;;;;;;;;;;;;;;;
446761133;way;;;;UW Kematen an der Krems (i.B.);;substation;;;;;;;;;yes;;;;;;;;;;;;;;;;;;;;;;;;;;;;;;;;;;;;;;;;;
337239506;way;;;;UW Kematen im Innbach (i.B.);;substation;;;;;;;;;yes;;;;;;;;;;;;;;;;;;;;;;;;;;;;;;;;;;;;;;;;;
175022770;way;50;;indoor;UW Kirchberg bei Mattighofen (i.B.);Netz OÖ;substation;distribution;;;;;;;;transformer_tower;;;;;9;Sauldorf;;;;;;;;;;;;;;;;;;;;;;;;;;;;;;;;;;;
408540163;way;;;;UW Kleinreifling (i.B.);;substation;;;;;;;;;yes;;;;;;;;;;;;;;;;;;;;;;;;;;;;;;;;;;;;;;;;;
408540091;way;;;;UW Kleinreifling 2 (i.B.);;substation;;;;;;;;;yes;;;;;;;;;;;;;;;;;;;;;;;;;;;;;;;;;;;;;;;;;
365493403;way;50;;outdoor;UW Kraftwerk Passau (i.B.);;substation;transition;110000;;;;;;;;;;;;;;;;;;;;;;;;;;;;;113;;;;;;;;;;;;;;;;;;;
258540847;way;;;;UW Kronstorf Mitte (i.B.);;substation;distribution;;;;;;;;yes;;;;;;;;;;;;;;;;;;;;;;;;;;;;;;;;;;;;;;;;;
143970704;way;;;;UW Laakirchen 2 (i.B.);;substation;;;;;;;;;yes;;;;;;;;;;;;;;;;;;;;;;;;;;;;;;;;;;;;;;;;;
144017171;way;;;;UW Laakirchen 3 (i.B.);OKA;substation;;;;;;;;;yes;;;;;;;;;;;;;;;;;;;;;;;;;;;;;;;;;;;;;;;;;
501980352;way;;;;UW Laakirchen 4 (i.B.);;substation;;;;;;;;;yes;;;;;;;;;;;;;;;;;;;;;;;;;;;;;;;;;;;;;;;;;
499008312;way;;;;UW Laakirchen Süd (i.B.);;substation;;;;;;;;;yes;;;;;;;;;;;;;;;;;;;;;;;;;;;;;;;;;;;;;;;;;
557742425;way;;;;UW Laakirchen Weinberg (i.B.);;substation;distribution;;;;;;;;yes;;;;;;;;;;;;;;;;;;;;;;;;;;;;;;;;;;;;;;;;;
204882157;way;;;;UW Laakirchen-Sandhäuslberg (i.B.);;substation;;;;;;;;;yes;;;;;;;;;;;;;;;;;;;;;;;;;;;;;;;;;;;;;;;;;
305217693;way;;;;UW Lambach Mitte (i.B.);;substation;;;;;;;;;yes;;;;;;;;;;;;;;;;;;;;;;;;;;;;;;;;;;;;;;;;;
306636204;way;;;;UW Lambach West (i.B.);;substation;;;;;;;;;yes;;;;;;;;;;;;;;;;;;;;;;;;;;;;;;;;;;;;;;;;;
87526678;way;50;;outdoor;UW Marchtrenk - Süd (i.B.);;substation;distribution;110000;;;;;;;;;;;;;;;;;;;;;;;;;;;;;23;;;;;;;;;;;;;;;;;;;
704994796;way;;;;UW Marchtrenk Schafwiesen (i.B.);E-Werk Wels;substation;;;;;;;;;yes;;;1;;;;;;;;;;;;;;;;;;;;;;;;;;;;;;;;;;;;;;
406067832;way;;;;UW Marchtrenk-Maxlheid (i.B.);;substation;;;;;;;;;yes;;;;;;;;;;;;;;;;;;;;;;;;;;;;;;;;;;;;;;;;;
406077445;way;;;;UW Marchtrenk-Maxlheid 2 (i.B.);;substation;;;;;;;;;yes;;;;;;;;;;;;;;;;;;;;;;;;;;;;;;;;;;;;;;;;;
156698533;way;;;;UW Marchtrenk-Mitterperwend (i.B.);;substation;;;;;;;;;transformer_tower;;;;;;;;;;;;;;;;;;;;;;;;;;;;;;;;;;;;;;;;;
488379041;way;;;;UW Marchtrenk-Mitterperwend 2 (i.B.);;substation;;;;;;;;;yes;;;;;;;;;;;;;;;;;;;;;;;;;;;;;;;;;;;;;;;;;
493756569;way;;;;UW Marchtrenk-Mitterperwend 3 (i.B.);;substation;;;;;;;;;yes;;;;;;;;;;;;;;;;;;;;;;;;;;;;;;;;;;;;;;;;;
297618503;way;;;;UW Michaelnbach (i.B.);;substation;;;;;;;;;transformer_tower;;;;;;;;;;;;;;;;;;;;;;;;;;;;;;;;;;;;;;;;;
313805154;way;;;;UW Neuhausen (i.B.);Salzburg AG;substation;;;;;;;;;yes;;;;;;;;;;;;;;;;;;;;;;;;;;;;;;;;;;;;;;;;;
390368249;way;;;;UW Oberburgfried  (i.B.);;substation;;;;;;;;;yes;;;;;;;;;;;;;;;;;;;;;;;;;;;;;;;;;;;;;;;;;
225881980;way;;;;UW Oberburgfried 2 (i.B.);Netz OÖ;substation;;;;;;;;;yes;;;;;;;;;;;;;;;;;;;;;;;;;;;;;;;;;;;;;;;;;
208004899;way;;;;UW Oberholzing (i.B.);;substation;;;;;;;;;yes;;;;;;;;;;;;;;;;;;;;;;;;;;;;;;;;;;;;;;;;;
553681766;way;;;;UW Oberwang Süd (i.B.);;substation;;;;;;;;;yes;;;;;;;;;;;;;;;;;;;;;;;;;;;;;;;;;;;;;;;;;
365677778;way;50;;indoor;UW Oedt (i.B.);;substation;converter;;;;;;;;yes;;;;;;;;;;;;;;;;;;;;;;;;;;;;;;;;;;;;;;;;;
204580024;way;;;;UW Ohlsdorf (i.B.);;substation;;;;;;;;;yes;;;;;;;;;;;;;;;;;;;;;;;;;;;;;;;;;;;;;;;;;
182319687;way;;;;UW Ottenhausen (i.B.);;substation;;;;;;;;;yes;;;;;;;;;;;;;;;;;;;;;;;;;;;;;;;;;;;;;;;;;
413345261;way;;;;UW Ottenhausen 2 (i.B.);;substation;;;;;;;;;yes;;;;;;;;;;;;;;;;;;;;;;;;;;;;;;;;;;;;;;;;;
426311484;way;;;;UW Pechgraben (i.B.);;substation;;;;;;;;;yes;;;;;;;;;;;;;;;;;;;;;;;;;;;;;;;;;;;;;;;;;
246359121;way;;;;UW Pennewang (i.B.);;substation;;;;;;;;;yes;;;;;;;;;;;;;;;;;;;;;;;;;;;;;;;;;;;;;;;;;
452175354;way;;;;UW Pramerdorf (i.B.);;substation;;;;;;;;;yes;;;;;;;;;;;;;;;;;;;;;;;;;;;;;;;;;;;;;;;;;
291222656;way;;;indoor;UW Preising 2 (i.B.);Energie AG;substation;;;;;;;;;yes;;;;;;;;;;;;;;;;;;;;;;;;;;;;;;;;;;;;;;;;;
347934963;way;;;;UW Pürstling (i.B.);;substation;;;;;;;;;transformer_tower;;;;;;;;;;;;;;;;;;;;;;;;;;;;;;;;;;;;;;;;;
93982415;way;;;;UW Rannshofen Nord (i.B.);;substation;;;;;;;;;;;;;;;;;;;;;;;;;;;;;;;28;;;;;;;;;;;;;;;;;;;
96323087;way;;;;UW Rannshofen Süd (i.B.);;substation;;;;;;;;;;;;;;;;;;;;;;;;;;;;;;;47;;;;;;;;;;;;;;;;;;;
226279391;way;;;;UW Regau (i.B.);;substation;;;;;;;;;yes;;;;;;;hipped;;;;;;;;;;;;;;;;;;;;;;;;;;;;;;;;;;
226279413;way;;;;UW Regau 2 (i.B.);;substation;;;;;;;;;yes;;;;;;;;;;;;;;;;;;;;;;;;;;;;;;;;;;;;;;;;;
347942542;way;;;;UW Regau 3 (i.B.);Netz. OÖ;substation;;;;;;;;;transformer_tower;;;;;;;;;;;;;;;;;;;;;;;;;;;;;;;;;;;;;;;;;
364402900;way;;;;UW Regau 4 (i.B.);Energie AG;substation;;;;;;;;;yes;;;;;;;;;;;;;;;;;;;;;;;;;;;;;;;;;;;;;;;;;
339415127;way;;;;UW Regau 5 (i.B.);;substation;;;;;;;;;transformer_tower;;;;;;;;;;;;;;;;;;;;;;;;;;;;;;;;;;;;;;;;;
333470700;way;;;indoor;UW Regau Süd (i.B.);;substation;;;;;;;;;transformer_tower;;;;;;;;;;;;;;;;;;;;;;;;;;;;;;;;;;;;;;;;;
342543996;way;;;indoor;UW Regau Süd 2 (i.B.);;substation;;;;;;;;;service;;;;;;;;;;;;;;;;;;;;;;;;;;;;;;;;;;;;;;;;;
360264371;way;;;indoor;UW Regau Süd 3 (i.B.);Energie AG;substation;;;;;;;;;service;;;;;;;;;;;;;;;;;;;;;;;;;;;;;;;;;;;;;;;;;
335812357;way;;;;UW Ried im Innkreis Nord (i.B.);;substation;;;;;;;;;yes;;;;;;;;;;;;;;;;;;;;;;;;;;;;;;;;;;;;;;;;;
405453790;way;;;;UW Ried in er Riedmark (i.B.);;substation;;;;;;;;;yes;;;;;;;;;;;;;;;;;;;;;;;;;;;;;;;;;;;;;;;;;
98308316;way;50;;outdoor;UW Rohrbach-Berg Süd (i.B.);;substation;distribution;110000;;;;;;;;;;;;;;;;;;;;;;;;;;;;;51;;;;;;;;;;;;;;;;;;;
319178649;way;;;;UW Rüstorf (i.B.);Netz OÖ;substation;;;;;;;;;transformer_tower;;;;;;;gabled;;;;;;;;;;;;;;;;;;;;;;;;;;;;;;;;;;
324045685;way;;;;UW Sankt Agatha (i.B.);;substation;;;;;;;;;yes;;;;;;;;;;;;;;;;;;;;;;;;;;;;;;;;;;;;;;;;;
149539442;way;;;;UW Sattledt 2 (i.B.);;substation;;;;;;;;;yes;;;;;;;;;;;;;;;;;;;;;;;;;;;;;;;;;;;;;;;;;
270577684;way;;;;UW Schickenedt (i.B.);Energie AG;substation;distribution;;;;;;;;yes;;;;;;;;;;;;;;;;;;;;;;;;;;;;;;;;;;;;;;;;;
205516761;way;;;;UW Schiedlberg (i.B.);;substation;;;;;;;;;yes;;;;;;;;;;;;;;;;;;;;;;;;;;;;;;;;;;;;;;;;;
289940729;way;;;;UW Schörgendorf (i.B.);;substation;;;;;;;;;yes;;;;;;;;;;;;;;;;;;;;;;;;;;;;;;;;;;;;;;;;;
319178650;way;50;;indoor;UW Schwanenstadt Ost (i.B.);Energie AG;substation;distribution;;;;;;;;transformer_tower;;;;;;;;;;;;;;;;;;;;;;;;;;;;;;;;;;;;;;;;;
122454383;way;;;;UW Schwöll (i.B.);;substation;;;;;;;;;;;;;;;;;;;;;;;;;;;;;;;59;;;;;;;;;;;;;;;;;;;
162982694;way;;;;UW St. Georgen am Attergau (i.B.);EAG;substation;;;;;;;;;detached;;;;;;;;;;;;;;;;;;;;;;;;;;;;;;;;;;;;;;;;;
248300883;way;;;;UW St. Georgen am Attergau 2 (i.B.);EAg;substation;;;;;;;;;;;;;;;;;;;;;;;;;;;;;;;92;;;;;;;;;;;;;;;;;;;
247952572;way;;;;UW St. Ulrich bei Steyr (i.B.);;substation;;;;;;;;;yes;;;;;;;;;;;;;;;;;;;;;;;;;;;;;;;;;;;;;;;;;
163844185;way;;;;UW Steinbach an der Steyr (i.B.);;substation;;;;;;;;;yes;;;;;;;;;;;;;;;;;;;;;;;;;;;;;;;;;;;;;;;;;
193580585;way;;;;UW Steinbichl (i.B.);;substation;;;;;;;;;yes;;;;;;;;;;;;;;;;;;;;;;;;;;;;;;;;;;;;;;;;;
355599810;way;;;;UW Steinkogel Süd (i.B.);;substation;;;;;;;;;yes;;;;;;;;;;;;;;;;;;;;;;;;;;;;;;;;;;;;;;;;;
361645087;way;;;;UW Steinkogel Süd 2 (i.B.);;substation;;;;;;;;;yes;;;;;;;;;;;;;;;;;;;;;;;;;;;;;;;;;;;;;;;;;
426754843;way;;;;UW Steyr-Ennsleiten (i.B.);;substation;;;;;;;;;yes;;;;;;;;;;;;;;;;;;;;;;;;;;;;;;;;;;;;;;;;;
312302451;way;;;;UW Steyrling (i.B.);;substation;;;;;;;;;yes;;;;;;;;;;;;;;;;;;;;;;;;;;;;;;;;;;;;;;;;;
385096303;way;;;;UW Ternberg West (i.B.);Energie AG;substation;;;;;;;;;yes;;;;;;;;;;;;;;;;;;;;;;;;;;;;;;;;;;;;;;;;;
744067751;way;;;;UW Ternberg West 2 (i.B.);;substation;;;;;;;;;yes;;;;;;;;;;;;;;;;;;;;;;;;;;;;;;;;;;;;;;;;;
258553277;way;;;;UW Thaling (i.B.);;substation;distribution;;;;;;;;yes;;;;;;;;;;;;;;;;;;;;;;;;;;;;;;;;;;;;;;;;;
513204495;way;;;;UW Thaling 2 (i.B.);;substation;;;;;;;;;transformer_tower;;;;;;;;;;;;;;;;;;;;;;;;;;;;;;;;;;;;;;;;;
427593560;way;;;;UW Thann (i.B.);;substation;;;;;;;;;yes;;;;;;;;;;;;;;;;;;;;;;;;;;;;;;;;;;;;;;;;;
422957020;way;;;;UW Thanstetten (i.B.);;substation;;;;;;;;;yes;;;;;;;;;;;;;;;;;;;;;;;;;;;;;;;;;;;;;;;;;
134787144;way;;;;UW Timelkam 2 (i.B.);Energie AG;substation;;;;;;;;;yes;;;;;;;;;;;;;;;;;;;;;;;;;;;;;;;;;;;;;;;;;
706224187;way;;;;UW Timelkam 3 (i.B.);;substation;;;;;;;;;yes;;;;;;;;;;;;;;;;;;;;;;;;;;;;;;;;;;;;;;;;;
33058565;way;50;;outdoor;UW Traun Süd (i.B.);Energie AG Oberösterreich;substation;transmission;110000;;;;;;;;;;;fence;2;;;;;;;;;;;;;;;;;4;metal;;;;;;;;;;;;;;;;;;
109606588;way;;;;UW Traunfall (i.B.);;substation;;;;;;;;;yes;;;;;;;;;;;;;;;;;;;;;;;;;;;;;;;;;;;;;;;;;
438120529;way;;;;UW Trölsberg (i.B.);;substation;;;;;;;;;yes;;;;;;;;;;;;;;;;;;;;;;;;;;;;;;;;;;;;;;;;;
438120537;way;;;;UW Trölsberg 2 (i.B.);;substation;;;;;;;;;yes;;;;;;;;;;;;;;;;;;;;;;;;;;;;;;;;;;;;;;;;;
408009938;way;;;;UW Trölsberg 3 (i.B.);;substation;;;;;;;;;;;;;;;;;;;;;;;;;;;;;;;116;;;;;;;;;;;;;;;;;;;
741084597;way;;;;UW Untergrünburg (i.B.);;substation;;;;;;;;;yes;;;;;;;hipped;;;;;;;;;;;;;;;;;;;;;;;;;;;;;;;;;;
307410833;way;;;indoor;UW Unterlixlau (i.B.);Netz. OÖ;substation;;;;;;;;;service;;;;;;;;;;;;;;;;;;;;;;;;;;;;;;;;;;;;;;;;;
713873062;way;;;;UW Vöcklabruck Mitte (i.B.);Netz OÖ;substation;;;;;;;;;yes;;;1;;;;hipped;;;;;;;#94b8b6;;;;;;;;;;;;;;;;;;;;;;;;;;;
431989670;way;;;;UW Vöcklabruck-Kirchberg (i.B.);;substation;;;;;;;;;yes;;;;;;;;;;;;;;;;;;;;;;;;;;;;;;;;;;;;;;;;;
347995298;way;;;;UW Vöcklabruck-Pichlwang (i.B.);;substation;;;;;;;;;transformer_tower;;;;;;;;;;;;;;;;;;;;;;;;;;;;;;;;;;;;;;;;;
377031566;way;;;;UW Vöcklabruck-Pichlwang 2 (i.B.);;substation;;;;;;;;;yes;;;;;;;;;;;;;;;;;;;;;;;;;;;;;;;;;;;;;;;;;
705890988;way;;;;UW Vöcklabruck-Pichlwang 3 (i.B.);;substation;;;;;;;;;yes;;;;;;;hipped;;;;;;;#d9debe;;;;;;;;;;;;;;;;;;;;;;;;;;;
347995299;way;;;;UW Vöcklabruck-Pichlwang Ost (i.B.);;substation;;;;;;;;;yes;;;;;;;;;;;;;;;;;;;;;;;;;;;;;;;;;;;;;;;;;
377065016;way;;;;UW Vöcklabruck-West (i.B.);;substation;;;;;;;;;yes;;;;;;;;;;;;;;;;;;;;;;;;;;;;;;;;;;;;;;;;;
377065017;way;;;;UW Vöcklabruck-West 2 (i.B.);;substation;;;;;;;;;yes;;;;;;;hipped;;;;;;;;;;;;;;;;;;;;;;;;;;;;;;;;;;
232235567;way;;;;UW Wankham (i.B.);;substation;;;;;;;;;yes;;;;;;;;;;;;;;;;;;;;;;;;;;;;;;;;;;;;;;;;;
232235568;way;;;;UW Wankham 2 (i.B.);;substation;;;;;;;;;yes;;;;;;;;;;;;;;;;geoimage.at;;;;;;;;;;;;;;;;;;;;;;;;;
344865309;way;;;;UW Weißenkirchen an der Traun West (i.B.);;substation;;;;;;;;;yes;;;;;;;;;;;;;;;;;;;;;;;;;;;;;;;;;;;;;;;;;
130446553;way;;;;UW Wels-Aichberg (i.B.);;substation;;;;;;;;;yes;;;;;;;;;;;;;;;;;;;;;;;;;;;;;;;;;;;;;;;;;
156311593;way;;;;UW Wels-Gartenstadt (i.B.);;substation;;;;;;;;;yes;;;;;;;;;;;;;;;;;;;;;;;;;;;;;;;;;;;;;;;;;
310614574;way;;;;UW Wels-Gaßl (i.B.);;substation;;;;;;;;;yes;;;;;;;;;;;;;;;;;;;;;;;;;;;;;;;;;;;;;;;;;
86869360;way;;;;UW Wels-Neustadt  (i.B.);;substation;;;;;;;;;yes;;;;;;;;;;;;;;;;;;;;;;;;;;;;;;;;;;;;;;;;;
89663195;way;;;;UW Wels-Neustadt 2 (i.B.);;substation;;;;;;;;;yes;;;1;;;;;;;;;;;;;;;;;;;;;;;;;;;;;;;;;;;;;;
110166361;way;;;;UW Wels-Neustadt 3 (i.B.);;substation;;;;;;;;;yes;;;1;;;;;;;;;;;;;;;;;;;;;;;;;;;;;;;;;;;;;;
125956387;way;;;;UW Wels-Neustadt 4 (i.B.);EWW;substation;;;;;;;;;yes;;;;;;;;;;;;;;;;;;;;;;;;;;;;;;;;;;;;;;;;;
126047694;way;;;;UW Wels-Neustadt 5 (i.B.);;substation;;;;;;;;;yes;;;;;;;;;;;;;;;;;;;;;;;;;;;;;;;;;;;;;;;;;
400639947;way;;;;UW Wels-Neustadt 56(i.B.);;substation;;;;;;;;;yes;;;;;;;;;;;;;;;;;;;;;;;;;;;;;;;;;;;;;;;;;
178373665;way;;;;UW Wels-Vogelweide (i.B.);EWW;substation;;;;;;;;;yes;;;1;;;;hipped;;;;;;;;;;;;;;;;;;;;;;;;;;;;;;;;;;
323446564;way;;;;UW Wels-Vogelweide 2 (i.B.);;substation;;;;;;;;;yes;;;;;;;;;;;;;;;;;;;;;;;;;;;;;;;;;;;;;;;;;
333508198;way;;;;UW Wels-Vogelweide 3 (i.B.);EWW;substation;;;;;;;;;yes;;;;;;;;;;;;;;;;;;;;;;;;;;;;;;;;;;;;;;;;;
238043242;way;50;;indoor;UW Wolfern (i.B.);Energie AG;substation;distribution;;;;;;;;transformer_tower;;;;;;;;;;;;;;;;;;;;;;;;;;;;;;;;;;;;;;;;;
238129376;way;;;;UW Wolfern 2 (i.B.);;substation;distribution;;;;;;;;transformer_tower;;;;;;;;;;;;;;;;;;;;;;;;;;;;;;;;;;;;;;;;;
