WKT;osm_id_substation;location;name;operator;substation;landuse;Polit. Gemeinde;;osm_id_plants;osm_type_2;power_2;voltage_2;utility;plant_outp;plant_meth;plant_sour;name_2;alt_name_2;operator_w;operator_2;generato_3;generato_4;generato_5;plant_ou_2;plant_ou_3;plant_ou_7;distance
MULTILINESTRING ((603721.273878308 5286385.66620205,605845.761001233 5290666.27651498));83424897;;BEWAG;substation;110000;UW Mattersburg;Mattersburg;;1225305558;node;generator;;;;;;;;;;wind;2.3 MW;wind_turbine;;;;4778,814726
MULTILINESTRING ((642203.948161711 5300791.25902115,649328.782794622 5300467.46424769));60222001;;BEWAG;substation;110000;Umspannwerk Frauenkirchen;Frauenkirchen;;2123478289;node;generator;;;;;;;;;;wind;3 MW;wind_turbine;;;;7132,188416
MULTILINESTRING ((596569.107124905 5233824.33412693,589927.984750522 5239793.89696268));81684898;;Verbund Austrian Power Grid AG;substation;"380000;110000";Umspannwerk Südburgenland/Rotenturm;Rotenturm an der Pinka;;86585581;way;plant;;;;;biomass;Biomassekraftwerk Oberwart;;;;;;;;;;8929,736101
MULTILINESTRING ((637211.268779065 5313542.07246865,639892.093767294 5314242.94300578));82201785;;"BEWAG;Verbund Austrian Power Grid AG";substation;"220000;110000";Umspannwerk Neusiedl;Neusiedl am See;;420286993;node;generator;;;;;;;;;;wind;1.8 MW;wind_turbine;;;;2770,928026
MULTILINESTRING ((606827.643784336 5268024.49102928,601360.847896875 5256396.7692481));94372577;;BEWAG;substation;110000;Umspannwerk Markt Sankt Martin;Markt St. Martin;;371499076;way;plant;;;;;;Biogasanlage;;;Gaskraft Gremel GmbH;;;;;;;12848,72644
MULTILINESTRING ((615700.219041165 5300082.28239527,615532.614531478 5298327.89848837));96689254;;;substation;;Umspannwerk Eisenstadt (i.b.);Eisenstadt;;485568829;way;plant;;;yes;photovoltaic;solar;;;;;;;;;;;1762,371744
MULTILINESTRING ((640975.997775058 5316693.8444378,640186.756313426 5314310.2851097));96693577;;BEWAG;substation;110000;Umspannwerk Parndorf-Walzwerk;Parndorf;;420286994;node;generator;;;;;;;;;;wind;1.8 MW;wind_turbine;;;;2510,827982
MULTILINESTRING ((612190.604144076 5261184.46062515,601360.847896875 5256396.7692481));97207142;;Energie Burgenland AG;substation;110000;Umspannwerk Oberpullendorf;Steinberg-Dörfl;;371499076;way;plant;;;;;;Biogasanlage;;;Gaskraft Gremel GmbH;;;;;;;11840,84495
MULTILINESTRING ((600047.85583329 5214209.18546532,597054.580106334 5212848.8841074));97217194;;BEWAG;substation;110000;Umspannwerk Güssing;Güssing;;946145426;way;plant;;;10 KWp;photovoltaic;solar;Photovoltaikanlage;;;Eigentümer;;;;;;;3287,874596
MULTILINESTRING ((590574.289856597 5206994.33893227,584649.606399565 5204300.90365881));97218204;;BEWAG;substation;"110000;20000";Umspannwerk Eltendorf;Eltendorf;;969542118;way;plant;;;;;;Heizwerk Loipersdorf;;;;;;;;;;6508,184665
MULTILINESTRING ((589630.607499163 5225119.40617522,597054.580106334 5212848.8841074));97224226;;BEWAG;substation;110000;Umspannwerk Stegersbach;Stegersbach;;946145426;way;plant;;;10 KWp;photovoltaic;solar;Photovoltaikanlage;;;Eigentümer;;;;;;;14341,58572
MULTILINESTRING ((584828.162904137 5245941.5951021,589927.984750522 5239793.89696268));97224229;;;substation;110000;Umspannwerk Pinkafeld;Pinkafeld;;86585581;way;plant;;;;;biomass;Biomassekraftwerk Oberwart;;;;;;;;;;7987,638905
MULTILINESTRING ((585889.869675206 5197881.04084348,587352.26445264 5198664.8772391));97226005;;;substation;110000;Umspannwerk Jennersdorf (i.b.);Jennersdorf;;457306628;way;plant;;;;;;;;;;;;;;;;1659,216074
MULTILINESTRING ((620108.327487484 5272673.44727074,621400.137239277 5271053.23925439));97264200;;BEWAG;substation;110000;Umspannwerk Deutschkreutz;Deutschkreuz;;1562890249;node;generator;;;;;;;;;;wind;2.0 MW;;;;;2072,159852
MULTILINESTRING ((595359.398350353 5295016.53963057,594105.079280411 5296500.59949575));97586384;;;substation;110000;Umspannwerk Neudörfl;Neudörfl;;309312833;way;plant;;;400 kW;run-of-the-river;hydro;Kleinwasserkraftwerk Ungarfeld;;de:EVN AG;EVN;;;;;;;1943,128923
MULTILINESTRING ((651046.215927116 5322637.99764506,649192.683515793 5323802.44528025));118927581;;;substation;110000;Umspannwerk Pama;Pama;;961980042;node;generator;;;;;;;;;;wind;1.25 MW;wind_turbine;;;;2188,954247
MULTILINESTRING ((383851.644315418 5187394.74090807,387805.530682071 5194533.55869819));83892438;KNG-Kärnten Netz GmbH;;distribution;"110000;20000";Umspannwerk Lieserhofen;Seeboden am Millstätter See;;1091804116;way;plant;;;yes;run-of-the-river;hydro;Stadtwerk Gmünd;;;Stadtgemeinde Gmünd;;;;;;;8160,63336
MULTILINESTRING ((393916.838056523 5209358.46867792,382494.709994168 5204417.0048653));86415777;KNG-Kärnten Netz GmbH;;distribution;110000;Umspannwerk Rennweg;Rennweg am Katschberg;;2593911450;node;terminal;;;;;;;;;;;;;;;;12445,20285
MULTILINESTRING ((385333.453307014 5185996.92666399,387805.530682071 5194533.55869819));590581731;KNG-Kärnten Netz GmbH;;distribution;110000;UW Lieserbrücke;Seeboden am Millstätter See;;1091804116;way;plant;;;yes;run-of-the-river;hydro;Stadtwerk Gmünd;;;Stadtgemeinde Gmünd;;;;;;;8887,364797
MULTILINESTRING ((372563.117257172 5192181.57937922,372662.735830308 5192135.84807601));83805040;;;transmission;"220000;110000";KW Malta-Hauptstufe;Spittal an der Drau;;982380214;node;terminal;;;;;;;;;;;;;;;;109,6139234
MULTILINESTRING ((371402.952460482 5192368.95462496,371422.370687157 5192408.90770029));83805050;Verbund Hydro Power GmbH;;transmission;110000;KW Reißeck;Spittal an der Drau;;5644555577;node;terminal;;;;;;;;;;;;;;;;44,42201881
MULTILINESTRING ((356136.885434797 5199562.05617431,356149.838653969 5199620.81673414));83823298;;;transmission;110000;Kraftwerk Außerfragant;Flattach;;89014438;way;plant;;;96 MW;;hydro;Kraftwerk Außerfragant;;;KELAG;;;;;;;60,1713327
MULTILINESTRING ((475637.976786773 5168368.68640605,477151.284328423 5164020.04889515));83831570;Austrian Power Grid AG;;transmission;"380000;220000;110000";Umspannwerk Obersielach;Völkermarkt;;422536533;way;plant;;;87 MW;;hydro;Edling;;;Verbund Hydro Power GmbH;;;;;;;4604,426991
MULTILINESTRING ((374898.235240421 5187932.93315579,374946.339175448 5187938.13718729));83892416;;;;110000;KW Malta-Unterstufe;Lurnfeld;;83892419;way;plant;;;41 MW;;hydro;Malta Unterstufe;Kraftstation Möllbrücke;;Verbund Hydro Power GmbH;;;;;;;48,38461025
MULTILINESTRING ((368227.406849676 5164124.90936228,373634.966374874 5166639.86164586));83896165;KNG-Kärnten Netz GmbH;;distribution;110000;Umspannwerk Tröpolach;Hermagor-Pressegger See;;5760441698;node;terminal;;;;;;;;;;;;;;;;5963,7811
MULTILINESTRING ((392511.992338592 5177208.98581948,392559.527903726 5177165.36269255));84006669;KELAG;;distribution;110000;Kraftwerk Kamering;Stockenboi;;218584035;way;plant;;;9.9 MW;;hydro;Kraftwerk Kamering;;;KELAG;;;;;;;64,51826994
MULTILINESTRING ((415294.552265776 5164793.75541872,410383.264140759 5165046.50322705));84014731;KNG-Kärnten Netz GmbH;;transmission;110000;Umspannwerk Landskron;Villach;;5683331159;node;;;;;;;;;;;;;;;;;4917,787358
MULTILINESTRING ((452241.660496763 5178815.93415521,453378.061320106 5177543.26058346));84880037;KNG-Kärnten Netz GmbH;;distribution;110000;Umspannwerk St. Veit an der Glan;St. Veit an der Glan;;603725586;way;plant;;;1 MW;photovoltaic;solar;Sonnenkraftwerk Untermühlbach;;;SKW Sonnenpark GmbH;;;;;;;1706,196018
MULTILINESTRING ((414004.813257123 5163223.60159456,410374.934473912 5165029.5118089));85387750;KNG-Kärnten Netz GmbH;;distribution;110000;Umspannwerk Seebach;Villach;;264480024;way;plant;;;25 MW;;hydro;Kraftwerk Villach;;;Verbund Hydro Power GmbH;;;;;;;4054,297927
MULTILINESTRING ((399932.881074731 5157253.67757869,398263.791668736 5155506.36443318));85387757;KNG-Kärnten Netz GmbH;;distribution;110000;Umspannwerk Gailitz;Arnoldstein;;686589556;way;plant;;;;;;;;;;;;;;;;2416,394561
MULTILINESTRING ((409335.694811305 5156685.8234313,404841.515789825 5157034.26495331));85389628;KNG-Kärnten Netz GmbH;;distribution;110000;Umspannwerk Fürnitz;Finkenstein am Faaker See;;242606817;way;plant;;;10 MW;;hydro;Kraftwerk Schütt 2;;;KELAG;;;;;;;4507,666422
MULTILINESTRING ((429019.326153566 5163638.70613635,429058.47522359 5163646.34137696));85391848;Kelag;;;110000;Umspannwerk Techelsbergen am Wörthersee (i.b.);Techelsbergen am Wörther See;;124123896;way;plant;;;2.4 MW;;hydro;Kraftwerk Forstsee;;;KELAG;;;;;;;39,88667174
MULTILINESTRING ((439610.716988673 5171039.34811945,445046.925600039 5176117.49443622));85405514;KNG-Kärnten Netz GmbH;;distribution;110000;Umspannwerk Windischbach;Moosburg;;513369308;way;plant;;;5 MW;thermal;biomass;Biomasse - Kraftwerk Nord;;;Bioenergiezentrum GmbH;;;;;;;7439,081535
MULTILINESTRING ((430492.718840136 5174417.04056659,425377.93045102 5178909.70664735));85471947;KNG-Kärnten Netz GmbH;;transmission;110000;Umspannwerk Feldkirchen;Feldkirchen in Kärnten;;5809936532;node;terminal;;;;;;;;;;;;;;;;6807,7242
MULTILINESTRING ((344722.04705577 5178504.28599813,347056.837379481 5179909.15469172));85489932;KNG-Kärnten Netz GmbH;;distribution;110000;Umspannwerk Oberdrauburg;Oberdraunburg;;159071278;way;plant;;;yes;;hydro;Kraftwerk Irschen;;;KELAG;;;;;;;2724,867318
MULTILINESTRING ((366367.025040468 5179286.92078644,370019.181916635 5186969.35342801));85489961;;;distribution;110000;Umspannwerk Steinfeld;Steinfeld;;377135544;way;plant;;;1.6 MW;run-of-the-river;hydro;Kraftwerk Niklai;;;Verbund Hydro Power GmbH;;;;;;;8506,351811
MULTILINESTRING ((352384.615551633 5167982.14858062,349062.07547982 5168399.94987686));85586883;KNG-Kärnten Netz GmbH;;distribution;110000;Umspannwerk Würmlach;Kötschach-Mauthen;;609325181;way;plant;;;yes;;hydro;Kraftwerk Mahlbach;;;Hasslacher Werke eU;;;;;;;3348,705788
MULTILINESTRING ((387587.984161216 5160292.16264019,393795.364581837 5161766.17698538));85586885;KNG-Kärnten Netz GmbH;;distribution;110000;Umspannwerk Vorderberg;St. Stefan im Gailtal;;130910148;way;plant;;;yes;;hydro;Krafthaus Roter Graben;;;KELAG;hydro;;;;;;6379,991377
MULTILINESTRING ((375979.803172526 5165160.9490378,373638.929205967 5166633.16507541));85639941;KNG-Kärnten Netz GmbH;;distribution;110000;Umspannwerk Hermagor;Hermagor-Pressegger See;;95567608;way;plant;;;yes;;hydro;;;;Hasslacher Hermagor GmbH;;;;;;;2765,341026
MULTILINESTRING ((447925.484070378 5161577.11870529,447478.718762584 5161350.1766927));86119509;KNG-Kärnten Netz GmbH;;distribution;110000;Umspannwerk Klagenfurt;Klagenfurt am Wörthersee;;10186585225;node;substation;20000;;;;;;;;KNG-Kärnten Netz GmbH;;;;;;;501,1007058
MULTILINESTRING ((425433.50464315 5157591.34160968,425425.413887057 5157802.161451));86166232;KNG-Kärnten Netz GmbH;;distribution;110000;Umspannwerk Rosegg;St. Jakob im Rosental;;123588260;way;plant;;;80 MW;;hydro;Kraftwerk Rosegg-St. Jakob;Laufkraftwerk Rosegg-St. Jakob;;Verbund Hydro Power GmbH;;;;;;;210,975036
MULTILINESTRING ((470862.982915631 5167552.83764191,477151.284328423 5164020.04889515));86258560;KNG-Kärnten Netz GmbH;;;;Umspannwerk Völkermarkt;Völkermarkt;;422536533;way;plant;;;87 MW;;hydro;Edling;;;Verbund Hydro Power GmbH;;;;;;;7212,720082
MULTILINESTRING ((446246.406541102 5154893.63664194,446225.841419996 5154983.08771968));86321271;Verbund Hydro Power GmbH;;transmission;110000;Kraftwerk Ferlach-Maria Rain;Ferlach;;422536535;way;plant;;;75 MW;;hydro;Ferlach-Maria Rain;;;Verbund Hydro Power GmbH;;;;;;;91,78463659
MULTILINESTRING ((446174.793028053 5153085.64739241,446225.841419996 5154983.08771968));86321299;;;distribution;110000;Umspannwerk Ferlach;Ferlach;;422536535;way;plant;;;75 MW;;hydro;Ferlach-Maria Rain;;;Verbund Hydro Power GmbH;;;;;;;1898,126901
MULTILINESTRING ((386997.317265755 5182882.01236436,392559.527903726 5177165.36269255));86385664;KNG-Kärnten Netz GmbH;;distribution;110000;Umspannwerk Spittal an der Drau;Spittal an der Drau;;218584035;way;plant;;;9.9 MW;;hydro;Kraftwerk Kamering;;;KELAG;;;;;;;7976,106234
MULTILINESTRING ((460381.629375309 5156351.49502701,460388.248422494 5156326.44805915));87246307;KNG-Kärnten Netz GmbH;;transmission;110000;Kraftwerk Freibach;Gallizien;;9964179154;node;terminal;;;;;;;;;;;;;;;;25,9068019
MULTILINESTRING ((483512.917393796 5163889.78061379,477151.284328423 5164020.04889515));87264584;KNG-Kärnten Netz GmbH;;;;Umspannwerk Bleiburg (i.b.);Bleiburg;;422536533;way;plant;;;87 MW;;hydro;Edling;;;Verbund Hydro Power GmbH;;;;;;;6362,966689
MULTILINESTRING ((490400.052837943 5167220.1679619,490263.696155814 5167172.89476342));87372613;Verbund Hydro Power GmbH;;transmission;110000;Kraftwerk Schwabeck;Lavamünd;;169522435;way;plant;;;79 MW;;hydro;Kraftwerk Schwabeck;;;Verbund Hydro Power GmbH;;;;;;;144,3187446
MULTILINESTRING ((487627.731588587 5179849.77635087,490851.614909891 5172138.90648323));88381335;;;transmission;110000;Umspannwerk Sankt Andrä;St. Andrä;;558746466;way;plant;;;1 MW;run-of-the-river;hydro;Krafthaus Hofmühle;;;;;;;;;;8357,687347
MULTILINESTRING ((487835.753097855 5188236.93905383,500941.413997294 5188814.10525399));88381528;;;distribution;110000;UW Wolfsberg;Wolfsberg;;4933266326;node;generator;;;;;;;;;Energie Steiermark;wind;3 MW;wind_turbine;;;;13118,36379
MULTILINESTRING ((455718.279939933 5168357.67385651,454644.885381967 5162972.07200048));95848249;KNG-Kärnten Netz GmbH;;transmission;110000;Umspannwerk Lassendorf;Magdalensberg;;654063544;way;plant;;;;;biomass;;;;;;;;;;;5491,528314
MULTILINESTRING ((463742.084148814 5175572.85983525,453378.061320106 5177543.26058346));96970398;KNG-Kärnten Netz GmbH;;distribution;110000;Umspannwerk Brückl;Brückl;;603725586;way;plant;;;1 MW;photovoltaic;solar;Sonnenkraftwerk Untermühlbach;;;SKW Sonnenpark GmbH;;;;;;;10549,66579
MULTILINESTRING ((459152.879004625 5189815.36102072,455864.905091922 5198969.76795367));97348720;KNG-Kärnten Netz GmbH;;distribution;110000;Umspannwerk Treibach;Althofen;;1093275884;way;plant;;;no;thermal;solar;;;;;;;;;;;9726,969659
MULTILINESTRING ((410638.43396316 5160847.92300015,410374.934473912 5165029.5118089));98245350;KNG-Kärnten Netz GmbH;;distribution;110000;Umspannwerk Warmbad;Villach;;264480024;way;plant;;;25 MW;;hydro;Kraftwerk Villach;;;Verbund Hydro Power GmbH;;;;;;;4189,882689
MULTILINESTRING ((351835.418353973 5204501.07578903,351852.706710375 5204479.4981033));123098511;;;transmission;110000;Kraftwerk Innerfragant;Flattach;;91964304;way;plant;110000;;178 MW;water-pumped-storage;hydro;Kraftwerk Innerfragant;;de:Kelag;KELAG;;;;;;;27,64929996
MULTILINESTRING ((406295.841452565 5184848.93890128,408765.128953731 5184921.55209074));129009559;KNG-Kärnten Netz GmbH;;distribution;110000;Umspannwerk Kleinkirchheim;Bad Kleinkirchheim;;373871900;way;plant;;;;;biomass;;;;Biowärme;;;;yes;;;2470,354922
MULTILINESTRING ((496641.651510667 5168817.99812914,495194.106291834 5165539.67372868));137946515;;;transmission;110000;Umspannwerk Ettendorf;Lavamünd;;8387518;relation;plant;;;28 MW;;hydro;Lavamünd;;;Verbund Hydro Power GmbH;;;;;;;3583,68498
MULTILINESTRING ((446904.1725545 5191880.55572147,455864.905091922 5198969.76795367));151942483;KNG-Kärnten Netz GmbH;;distribution;110000;Umspannwerk Gurk;Straßburg;;1093275884;way;plant;;;no;thermal;solar;;;;;;;;;;;11425,92043
MULTILINESTRING ((464801.031608284 5187641.68819554,455864.905091922 5198969.76795367));151942484;KNG-Kärnten Netz GmbH;;distribution;110000;Umspannwerk Wietersdorf;Klein St. Paul;;1093275884;way;plant;;;no;thermal;solar;;;;;;;;;;;14428,4354
MULTILINESTRING ((453673.104403402 5154790.83042546,452916.91605884 5157498.86703689));153783851;KNG-Kärnten Netz GmbH;;transmission;110000;Umspannwerk Sankt Margareten;St. Margareten im Rosental;;391374292;way;plant;;;;;solar;Solaranlage;;;;;;;;;;2811,633529
MULTILINESTRING ((412654.371668346 5160814.6251793,410374.934473912 5165029.5118089));211095612;;;distribution;110000;Umspannwerk Auen;Villach;;264480024;way;plant;;;25 MW;;hydro;Kraftwerk Villach;;;Verbund Hydro Power GmbH;;;;;;;4791,774538
MULTILINESTRING ((344666.70333647 5206678.13334882,344682.938435945 5206685.63510375));592473581;KELAG;;distribution;110000;KW Zirknitz;Großkirchheim;;86299764;way;plant;110000;;32 MW;;hydro;Kraftwerk Zirknitz;;;KELAG;;;;;;;17,8844844
MULTILINESTRING ((496587.673434634 5164482.05365706,496603.67633918 5164491.24632807));593152355;KELAG;;transmission;110000;Kraftwerk Koralpe;Lavamünd;;721743368;way;plant;;;50 MW;;hydro;Kraftwerk Koralpe;;;KELAG;;;;;;;18,45530152
MULTILINESTRING ((399892.248960075 5183656.3595093,408765.128953731 5184921.55209074));598622572;KNG-Kärnten Netz GmbH;;distribution;110000;Umspannwerk Radenthein;Radenthein;;373871900;way;plant;;;;;biomass;;;;Biowärme;;;;yes;;;8962,628613
MULTILINESTRING ((388474.795282672 5196557.12272491,387805.530682071 5194533.55869819));642903514;KNG-Kärnten Netz GmbH;;distribution;110000;Umspannwerk Gmünd;Gmünd in Kärnten;;1091804116;way;plant;;;yes;run-of-the-river;hydro;Stadtwerk Gmünd;;;Stadtgemeinde Gmünd;;;;;;;2131,367279
MULTILINESTRING ((483719.772881721 5201949.66402642,501766.307843873 5202803.01788484));742484357;;;distribution;110000;UW Sankt Leonhard;Bad St. Leonhard im Lavanttal;;149071699;way;plant;;;0.8 MW;run-of-the-river;hydro;Kraftwerk Pack;;;Verbund Hydro Power GmbH;;;;;;;18066,69967
MULTILINESTRING ((597432.934043249 5326216.24325114,596660.18598854 5326532.06235203));25541069;Umspannwerk Wr. Neudorf;substation;;110000;outdoor;Wiener Neudorf;;62295861;way;plant;;;5 MW;combustion;biomass;Biomasseheizkraftwerk Mödling;;de:EVN AG;EVN;;;;15 MW;3 MW;;834,7941426
MULTILINESTRING ((598137.962846457 5353076.46113575,599150.574104234 5354098.57609588));26281610;Umspannwerk Klosterneuburg (i.b.);substation;;;;Klosterneuburg;;3396133668;node;;;;;;;;;;;;;;;;;1438,7844
MULTILINESTRING ((611446.476161859 5357503.1856525,607365.441497719 5355380.84256131));28504203;Umspannwerk Eibesbrunn;substation;;110000;outdoor;Großebersdorf;;283549481;node;generator;;;;;;;;de:WEB Windenergie;WEB Windenergie AG;wind;660 kW;wind_turbine;;;;4599,911317
MULTILINESTRING ((520028.208511981 5340571.50839357,517485.61321021 5340712.96906684));30244554;Umspannwerk Bergern;substation;;110000;outdoor;Zelking-Matzleinsdorf;;776901780;way;plant;;;yes;photovoltaic;solar;;;;;;;;;;;2546,527438
MULTILINESTRING ((595814.06644718 5318215.97600282,596012.407473867 5318129.17106946));33624954;Umspannwerk Traiskirchen;substation;;110000;outdoor;Traiskirchen;;1030335342;way;plant;;;yes;photovoltaic;solar;;;;;;;;;;;216,5046404
MULTILINESTRING ((490087.362780361 5328757.49474178,490102.133579428 5328870.93653985));90060333;Umspannwerk Amstetten;substation;Amstetten;;;Amstetten;;2940838336;node;;;;;;;;;;;;;;;;;114,3993796
MULTILINESTRING ((601405.021018855 5309331.52979715,601240.113464874 5309260.81041195));675291183;Umspannwerk WP Pottendorf;substation;;;;Pottendorf;;2172224823;node;generator;;;;;;PSP006;;;Wien Energie;wind;2.3 MW;wind_turbine;;;;179,431694
MULTILINESTRING ((631762.82500943 5321571.2805801,631580.318335877 5323263.23700006));19881598;Umspannwerk Bruck an der Leitha;substation;;110000;outdoor;Bruck an der Leitha;;5657453753;node;generator;;;;;;;;;;wind;;wind_turbine;;;;1701,771199
MULTILINESTRING ((602102.558504302 5356979.26035094,599324.726327172 5354477.33689993));24253250;Umspannwerk Bisamberg;substation;;"380000;220000;110000";;Stetten;;2574939160;node;;;gas;;;;;;;;;;;;;;3738,445206
MULTILINESTRING ((609054.472060721 5320397.76164362,611692.717856947 5319731.18894734));25539735;Umspannwerk Moosbrunn;substation;;110000;outdoor;Moosbrunn;;250807631;way;plant;;;;;;Kleinkraftwerk Heilinger;;;Heilinger GmbH;;;;;;;2721,150499
MULTILINESTRING ((460839.906720526 5330320.70825298,460877.626004842 5331053.13299857));27763479;Umspannwerk Ernsthofen;substation;;"380000;220000;110000";;Ernsthofen;;1064966375;way;plant;;;25 MW;run-of-the-river;hydro;Wasserkraftwerk Mühlrading;;;Ennskraftwerke AG;;;;;;;733,3953588
MULTILINESTRING ((551198.53316682 5341527.96997473,550666.872348841 5344792.32614236));27797285;Umspannwerk Pottenbrunn;substation;;"380000;110000";;St. Pölten;;70621821;way;plant;;;;;;;;;;;;;;;;3307,368201
MULTILINESTRING ((620322.330713911 5324793.27609845,619898.342595009 5322808.48909043));28968803;Umspannwerk Enzersdorf;substation;;;;Enzersdorf an der Fischa;;166090185;way;plant;;;625 kW;combustion;biogas;Biogasanlage Margarethen am Moos.;;;EVM Energie Versorgung Margarethen;;;;;;500 kW;2029,567785
MULTILINESTRING ((503557.09731282 5332607.39793134,505991.510312084 5334474.16869939));30076588;Umspannwerk Ybbsfeld;substation;;"220000;110000";outdoor;St. Martin-Karlsbach;;934431763;way;plant;;;yes;photovoltaic;solar;;;;;;;;;;;3067,767878
MULTILINESTRING ((485982.075833861 5323294.83429887,483831.90110915 5320585.0714163));30222212;Umspannwerk Ulmerfeld-Hausmening;substation;;110000;outdoor;Amstetten;;680061612;way;plant;;;;;;;;;;;;;;;;3459,200229
MULTILINESTRING ((589272.09822496 5360734.29702432,592031.254061124 5356552.35245325));33631764;Stockerau;substation;Stockerau;110000;;Stockerau;;422048763;way;plant;;;293 MW;run-of-the-river;hydro;Kraftwerk Greifenstein;;;Austrian Hydro Power AG;;;;;;;5010,14983
MULTILINESTRING ((535659.291481405 5308676.97176233,536382.553880849 5308400.97940733));33682610;Umspannwerk Türnitz;substation;;110000;outdoor;Türnitz;;971967865;way;plant;;;150 kW;run-of-the-river;hydro;;;;Kleinwasserkraftwerk-GmbH Türnitz;;;;;;;774,1319516
MULTILINESTRING ((606013.68076174 5353699.09377095,607080.406966903 5354795.84082928));35953425;Umspannwerk Gerasdorf;substation;;110000;indoor;Gerasdorf bei Wien;;283549484;node;generator;;;;;;;;de:WEB Windenergie;WEB Windenergie AG;wind;600 kW;wind_turbine;;;;1529,95389
MULTILINESTRING ((567323.359915185 5339589.64881279,568068.449672383 5352677.57924819));42330333;Umspannwerk Neulengbach;substation;;110000;outdoor;Neulengbach;;31289685;way;plant;;;352 MW;combustion;"gas;waste";Kraftwerk Dürnrohr;;;"VERBUND Austrian Thermal Power AG; EVN AG";;;;;;10 MW;13109,12208
MULTILINESTRING ((552231.779005247 5360328.51317384,552530.416575361 5360422.55648713));47001881;Umspannwerk Theiß;substation;;"380000;110000";;Gedersdorf;;47001764;way;plant;;;800 MW;combustion;gas;Kraftwerk Theiß;;de:EVN AG;EVN;;;;;;;313,0951023
MULTILINESTRING ((551006.007464353 5362018.73021129,552530.416575361 5360422.55648713));47002504;Umspannwerk Stratzdorf;substation;;110000;outdoor;Gedersdorf;;47001764;way;plant;;;800 MW;combustion;gas;Kraftwerk Theiß;;de:EVN AG;EVN;;;;;;;2207,168706
MULTILINESTRING ((565613.633203322 5353239.92441524,568068.449672383 5352677.57924819));59531071;Umspannwerk Dürnrohr;substation;;"380000;220000;110000";;Zwentendorf an der Donau;;31289685;way;plant;;;352 MW;combustion;"gas;waste";Kraftwerk Dürnrohr;;;"VERBUND Austrian Thermal Power AG; EVN AG";;;;;;10 MW;2518,403459
MULTILINESTRING ((588571.474215591 5308571.27038072,589326.116635545 5308691.89916212));69859724;Umspannwerk Enzesfeld;substation;;110000;outdoor;Enzesfeld-Lindabrunn;;357240174;way;plant;;;;combustion;biomass;Fernwärme Heizwerk ARED-Park Leobersdorf;;;H.P.S. Versorgungsgesmbh;;;;;;;764,2227979
MULTILINESTRING ((620039.813322047 5390434.16769948,628990.40601809 5389832.82685873));80855358;Umspannwerk Poysdorf;substation;;110000;outdoor;Poysdorf;;5838427827;node;generator;;;;;;;;;;wind;;wind_turbine;;;;8970,770336
MULTILINESTRING ((579867.263875252 5284305.93368859,579468.567050246 5286404.25740478));83202471;Umspannwerk Ternitz;substation;;"220000;110000";outdoor;Ternitz;;1086648676;way;plant;;;yes;combustion;gas;Heizkraftwerk Posch;;;;;;;;;;2135,865533
MULTILINESTRING ((642819.547830474 5331645.08737608,641742.91324511 5332176.3353478));83643796;Umspannwerk Deutsch-Altenburg;substation;;110000;outdoor;Bad Deutsch-Altenburg;;984971360;way;plant;;;;;;;;;;;;;;;;1200,569214
MULTILINESTRING ((548173.391362135 5361869.44372943,552530.416575361 5360422.55648713));83730525;Umspannwerk Krems an der Donau (i.b.);substation;;110000;outdoor;Krems an der Donau;;47001764;way;plant;;;800 MW;combustion;gas;Kraftwerk Theiß;;de:EVN AG;EVN;;;;;;;4590,985885
MULTILINESTRING ((579026.674762346 5379027.73752255,579236.426270687 5378902.34050651));83947318;Umspannwerk Hollabrunn;substation;;110000;outdoor;Hollabrunn;;1099412398;way;plant;;;20 kW;;solar;Sonnenkraftwerk Hollabrunn;;;Windkraft Simonsfeld;;;;;;;244,376977
MULTILINESTRING ((545100.345377189 5338662.64673369,546632.325102057 5338409.86099685));85620021;Umspannwerk St. Pölten;substation;;110000;outdoor;St. Pölten;;163607876;way;plant;;;yes;;hydro;;;;EVN;;;;;;;1552,695239
MULTILINESTRING ((513236.690173687 5382914.34262505,524514.7888243 5382201.82549937));86693139;Umspannwerk Zwettl;substation;;110000;outdoor;Zwettl;;39596992;way;plant;;;48 MW;water-storage;hydro;Pumpspeicherkraftwerk Ottenstein;;de:EVN AG;EVN;;;;;;;11300,58361
MULTILINESTRING ((630142.947329199 5369769.32549777,632437.221004595 5371955.87042852));87325780;Umspannwerk Spannberg;substation;;;;Spannberg;;8973071798;node;generator;;;;;;;;;;wind;3.2 MW;wind_turbine;;;;3169,332805
MULTILINESTRING ((546604.785141888 5388485.62309542,548181.076874286 5389308.15608435));88180087;Umspannwerk Horn;substation;;;;Horn;;491954031;way;plant;;;yes;;solar;;;;;;;;;;;1777,992166
MULTILINESTRING ((520264.74928276 5406037.88787496,519006.805304423 5406677.24714102));88285465;Umspannwerk Waidhofen an der Thaya;substation;;110000;outdoor;Waidhofen an der Thaya;;1033535554;way;plant;;;;;gas;Gasverdichtungsstation;;de:EVN AG;EVN;;;;;;;1411,10004
MULTILINESTRING ((545884.521360537 5321481.39752931,544680.370753762 5324131.82682768));90073458;Umspannwerk Traisen;substation;;110000;outdoor;Traisen;;492568189;way;plant;;;yes;run-of-the-river;hydro;;;;;;;;;;;2911,1431
MULTILINESTRING ((517850.003045043 5368984.83979065,524514.7888243 5382201.82549937));90866864;Umspannwerk Sallingberg;substation;;110000;outdoor;Sallingberg;;39596992;way;plant;;;48 MW;water-storage;hydro;Pumpspeicherkraftwerk Ottenstein;;de:EVN AG;EVN;;;;;;;14802,29985
MULTILINESTRING ((519038.711898816 5349895.53807386,517485.61321021 5340712.96906684));90904770;Umspannwerk Am Schuss;substation;;;;Weiten;;776901780;way;plant;;;yes;photovoltaic;solar;;;;;;;;;;;9312,984973
MULTILINESTRING ((529072.523293099 5326300.27710733,535768.819302191 5325169.84300646));91062369;Umspannwerk Kilb (i.b.);substation;;110000;outdoor;Kilb;;1066368284;way;plant;;;;;hydro;;;;;;;;;;;6791,04274
MULTILINESTRING ((501759.593632452 5315300.37792861,501791.307391651 5321450.38678872));91067944;Umspannwerk Gresten;substation;;;;Gresten;;291209420;way;plant;;;yes;;hydro;Kraftwerk Wang;;;;;;;;;;6150,090629
MULTILINESTRING ((557293.112612108 5320301.97898471,557310.125989739 5320364.72528421));91117108;Umspannwerk Hainfeld;substation;;110000;outdoor;Hainfeld;;402034967;way;plant;;;;;;Naturwärme Kirchtal;;;Naturwärme Kirchtal GmbH & Co KG;;;;;;;65,01194598
MULTILINESTRING ((544872.167151988 5361673.36285132,545490.427511636 5357040.53849893));94239516;Umspannwerk Mitterau (i.b.);substation;;110000;outdoor;Krems an der Donau;;558783264;way;plant;;;;;biomass;Hackschnitzel-Heizwerk;;;;;;;yes;;;4673,896378
MULTILINESTRING ((601337.091861481 5302952.3288152,602051.773877914 5305207.65843647));95094291;Umspannwerk Ebenfurth;substation;;110000;outdoor;Ebenfurth;;1600740336;node;generator;;;;;;;;;;wind;1.5 MW;wind_turbine;;;;2365,857579
MULTILINESTRING ((561261.051543603 5390367.76142984,569606.420664609 5383409.02272275));95211290;Umspannwerk Eggenburg;substation;;110000;outdoor;Röschitz;;88811958;way;plant;;;;;biomass;Fernwärme Heizwerk Sitzendorf an der Schmida;;;EVN Niederösterreich;;;;;;;10865,9666
MULTILINESTRING ((465232.59547092 5341348.53664221,465153.069100182 5341396.79779027));95828351;Schaltwerk St. Pantaleon;substation;;110000;outdoor;St. Pantaleon-Erla;;95828353;way;plant;;;51 MW;run-of-the-river;hydro;Wasserkraftwerk St. Pantaleon-Erla;;;Ennskraftwerke AG;;;;;;;93,02463144
MULTILINESTRING ((601752.762771096 5396680.66349098,601816.461574839 5396559.90115557));96193588;Umspannwerk Laa an der Thaya;substation;;110000;outdoor;Laa an der Thaya;;1109099505;way;plant;;;yes;photovoltaic;solar;;;;;;;;;;;136,5323378
MULTILINESTRING ((626961.377531279 5355952.60991305,628061.477965782 5356513.30745121));96346322;Umspannwerk Gänserndorf;substation;;110000;outdoor;Gänserndorf;;994864410;way;plant;;;;;biomass;EVN Biomasseheizwerk Gänserndorf;;;;;;;3 MW;;;1234,748029
MULTILINESTRING ((595002.033424644 5296623.00230175,594105.079280411 5296500.59949575));96358427;Umspannwerk Wiener Neustadt;substation;;110000;outdoor;Wiener Neustadt;;309312833;way;plant;;;400 kW;run-of-the-river;hydro;Kleinwasserkraftwerk Ungarfeld;;de:EVN AG;EVN;;;;;;;905,2674653
MULTILINESTRING ((617065.104810541 5315133.45936735,616390.570370479 5313491.47962995));96596880;Umspannwerk Wasenbruck;substation;;110000;outdoor;Mannersdorf am Leithagebirge;;6961345170;node;generator;;;;;;;;;;wind;;wind_turbine;;;;1775,132155
MULTILINESTRING ((632629.820581465 5385204.50777335,631987.232087661 5387374.85692464));96616299;Umspannwerk Neusiedl an der Zaya;substation;;110000;outdoor;Neusiedl an der Zaya;;5838427840;node;generator;;;;;;;;;;wind;;wind_turbine;;;;2263,478608
MULTILINESTRING ((619768.1104682 5377957.94628941,625657.190153511 5378752.06026864));96620298;Umspannwerk Kettlasbrunn;substation;;110000;outdoor;Mistelbach;;1432661733;node;generator;;;;;;39677;;;WEB Windenergie AG;wind;2 MW;wind_turbine;;;;5942,379704
MULTILINESTRING ((480722.734061937 5315033.5917806,483346.913635251 5311932.01094699));96855956;Umspannwerk Gerstl;substation;;110000;outdoor;Sonntagberg;;931403417;way;plant;;;yes;;hydro;;;;;;;;;;;4062,772711
MULTILINESTRING ((570048.568443631 5279373.52213075,574740.808311386 5272816.50746095));96989592;Umspannwerk Hart;substation;;110000;outdoor;Gloggnitz;;339372833;way;plant;;;;;;Nahwärme Kirchberg am Wechsel;;;;;;;;;;8062,974411
MULTILINESTRING ((584654.270618364 5273644.04281021,582620.051912891 5270971.91518089));96998954;Umspannwerk Edlitz;substation;;110000;outdoor;Edlitz;;639937094;way;plant;;;yes;;hydro;Kraftwerk Wanghof;;;Elektrizitätswerke Eisenhuber GmbH & Co KG;;;;;;;3358,31979
MULTILINESTRING ((499339.85570147 5379892.91867076,497631.851951966 5367836.67928698));97379897;Umspannwerk Groß-Gerungs;substation;;110000;outdoor;Groß Gerungs;;1088483691;way;plant;;;yes;photovoltaic;solar;;;;;;;;;;;12176,62453
MULTILINESTRING ((493246.748844234 5328765.66501958,491196.691454325 5329282.85430081));97392181;Umspannwerk Amstetten-Ost;substation;;110000;outdoor;Amstetten;;161841872;way;plant;;;;;biomass;Biomasseheizkraftwerk Amstetten;;;FWG-Fernwärmeversorgung Amstetten registrierte Genossenschaft mit beschränkter Haftung;;;;;;;2114,289492
MULTILINESTRING ((507244.457983864 5309819.13485524,507251.844638639 5309806.2206718));98635106;Kraftwerk Gaming 1;substation;;110000;outdoor;Gaming;;237961465;way;plant;;;yes;;hydro;Kraftwerkshaus;;;;;;;;;;14,87745955
MULTILINESTRING ((505077.731078287 5303737.01279106,505917.052282147 5307401.85050247));98635107;Umspannwerk Grubberg;substation;;110000;indoor;Gaming;;100181189;way;plant;;;yes;;hydro;;;;;;;;;;;3759,72014
MULTILINESTRING ((582775.550491438 5286421.36217082,582890.264512646 5286387.47168584));99761298;Umspannwerk Hohe Wand;substation;;110000;outdoor;Neunkirchen;;83202476;way;plant;;;;;;ehem. Heizkraftwerk Peisching;ehem. Kraftwerk Peisching;;;;;;;;;119,6155159
MULTILINESTRING ((587604.513250931 5284131.5855979,585087.766954582 5282333.45975952));99761299;Umspannwerk Pitten;substation;;110000;outdoor;Seebenstein;;910049078;way;plant;;;;;solar;;;;;;;;;;;3093,100136
MULTILINESTRING ((578957.545144307 5302136.68766567,573187.60706757 5304740.60118363));106530735;Umspannwerk Waldegg;substation;;110000;outdoor;Waldegg;;392330801;way;plant;;;yes;combustion;gas;;;;;;;;;;;6330,288384
MULTILINESTRING ((565131.734361793 5364231.29226894,563378.494416377 5358281.86273066));106810629;Umspannwerk Kirchberg am Wagram (I.b.);substation;;110000;outdoor;Kirchberg am Wagram;;83615732;way;plant;;;328 MW;run-of-the-river;hydro;Donaukraftwerk Altenwörth;;;VERBUND Hydro Power GmbH;;;;;;;6202,383585
MULTILINESTRING ((626392.103315974 5321266.35863879,626357.783988817 5320860.44257083));107248400;Umspannwerk Sarasdorf;substation;;"380000;110000";;Trautmannsdorf an der Leitha;;5600245346;node;generator;;;;;;;;;;wind;3 MW;wind_turbine;;;;407,364297
MULTILINESTRING ((532665.971380947 5381958.07311275,532689.528962887 5381893.01426436));113597106;Speicherkraftwerk Dobra-Krumau;substation;;;;Krumau am Kamp;;113597105;way;plant;;;16.2 MW;water-storage;hydro;Speicherkraftwerk Dobra-Krumau;;de:EVN AG;EVN;;;;;;;69,19258213
MULTILINESTRING ((499158.411928232 5400963.12544329,504482.288370829 5404066.52434873));118938988;Umspannwerk Gmünd;substation;;110000;outdoor;Gmünd;;469649906;way;plant;;;;;;;;;;;;;;;;6162,365223
MULTILINESTRING ((552802.325164936 5348170.76549941,550666.872348841 5344792.32614236));119428954;Umspannwerk Herzogenburg (i.b.);substation;;;;Herzogenburg;;70621821;way;plant;;;;;;;;;;;;;;;;3996,750082
MULTILINESTRING ((602604.345242865 5314148.10230151,601654.93600853 5312622.54044661));122669259;Umspannwerk Ebreichsdorf;substation;;110000;outdoor;Ebreichsdorf;;4827853639;node;generator;;;;;;;;;;wind;3300 KW;wind_turbine;;;;1796,863063
MULTILINESTRING ((519918.330124153 5303024.91094829,519834.101277569 5303044.24467289));122763233;Umspannwerk Erlaufboden;substation;;110000;outdoor;Mitterbach am Erlaufsee;;72230464;way;plant;;;3400 kW;run-of-the-river;hydro;Kraftwerk Erlaufboden;;;EVN Naturkraft;;;;;;;86,41927738
MULTILINESTRING ((638853.4572423 5328620.62229775,639847.176009779 5328638.60772295));122857785;Umspannwerk Petronell;substation;;;;Petronell-Carnuntum;;1109631036;node;generator;;;;;;;;;;wind;2 MW;wind_turbine;;;;993,8815142
MULTILINESTRING ((588792.201931584 5300229.93043453,591981.398758762 5303152.19979844));123121995;Umspannwerk Wöllersdorf-Steinabrückl;substation;;110000;;Wöllersdorf-Steinabrückl;;1075139893;way;generator;;;;;;;;;;solar;yes;photovoltaic;;;;4325,57911
MULTILINESTRING ((620459.367227897 5355185.91406213,620939.528270262 5355447.79663967));123444716;Umspannwerk Bockfließ;substation;;110000;outdoor;Bockfließ;;942627057;node;generator;;;;;;;;;;wind;2.0 MW;wind_turbine;;;;546,934284
MULTILINESTRING ((577352.902013717 5284630.70752574,579468.567050246 5286404.25740478));128191035;Umspannwerk Schöller;substation;;;;Ternitz;;1086648676;way;plant;;;yes;combustion;gas;Heizkraftwerk Posch;;;;;;;;;;2760,709641
MULTILINESTRING ((509992.25777215 5328638.23432837,516615.796108624 5330878.93549131));128228754;Umspannwerk Wieselburg-Land (i.b.);substation;;;;Wieselburg-Land;;492173163;way;plant;;;yes;photovoltaic;solar;;;;;;;;;;;6992,281587
MULTILINESTRING ((616265.004017724 5379833.17682198,625657.190153511 5378752.06026864));128734659;Umspannwerk Mistelbach;substation;;110000;outdoor;Mistelbach;;1432661733;node;generator;;;;;;39677;;;WEB Windenergie AG;wind;2 MW;wind_turbine;;;;9454,204007
MULTILINESTRING ((633084.626011195 5323168.81429718,633612.495192183 5323310.58627928));136384211;Umspannwerk Höflein;substation;;;;Höflein;;5657453760;node;generator;;;;;;;;;;wind;3 MW;wind_turbine;;;;546,5758567
MULTILINESTRING ((636879.999955674 5326946.01633517,636640.885358818 5327078.22432628));136384702;Umspannwerk Scharndorf;substation;;;;Scharndorf;;974003365;node;generator;;;;;;;;;;wind;3.4 MW;wind_turbine;;;;273,2302021
MULTILINESTRING ((598667.994919576 5357005.31247468,599324.726327172 5354477.33689993));142188184;Umspannwerk Korneuburg (i.b.);substation;;;;Korneuburg;;2574939160;node;;;gas;;;;;;;;;;;;;;2611,887564
MULTILINESTRING ((597502.435986784 5357559.42577289,599324.726327172 5354477.33689993));142188185;Umspannwerk Leobendorf (i.b.);substation;;;;Leobendorf;;2574939160;node;;;gas;;;;;;;;;;;;;;3580,5047
MULTILINESTRING ((612121.815187874 5332494.8423632,609861.160959667 5331031.34415606));194940326;Umspannwerk Schwechat;substation;;110000;indoor;Schwechat;;567088240;way;plant;;;yes;photovoltaic;solar;;;;;;;;;;;2693,025165
MULTILINESTRING ((565608.94564602 5356010.53631839,565392.512969861 5356167.04085742));233040476;Umspannwerk Kraftwerk Zwentendorf (i.b.);substation;;;;Zwentendorf an der Donau;;95860747;way;plant;;;yes;photovoltaic;solar;;;;EVN;;;;;;;267,0894495
MULTILINESTRING ((577563.725219439 5317265.27315869,573187.60706757 5304740.60118363));257384535;Umspannwerk Neuhaus;substation;;110000;outdoor;Weissenbach an der Triesting;;392330801;way;plant;;;yes;combustion;gas;;;;;;;;;;;13267,17069
MULTILINESTRING ((577226.525206149 5351634.04460475,568068.449672383 5352677.57924819));288347513;Umspannwerk Tulln-West;substation;;;;Tulln an der Donau;;31289685;way;plant;;;352 MW;combustion;"gas;waste";Kraftwerk Dürnrohr;;;"VERBUND Austrian Thermal Power AG; EVN AG";;;;;;10 MW;9217,337578
MULTILINESTRING ((545650.925529928 5328807.09879154,545680.717640134 5328759.14190515));321946617;Umspannwerk Wilhelmsburg;substation;;;;Wilhelmsburg;;577275289;way;plant;;;yes;;hydro;;;;;;;;;;;56,45735366
MULTILINESTRING ((577267.73736245 5394355.11529772,569606.420664609 5383409.02272275));324055876;Umspannwerk Peigarten;substation;;;;Pernersdorf;;88811958;way;plant;;;;;biomass;Fernwärme Heizwerk Sitzendorf an der Schmida;;;EVN Niederösterreich;;;;;;;13360,8651
MULTILINESTRING ((556097.479303361 5356253.18428469,552910.01498262 5353195.51729624));325753786;Umspannwerk Traismauer (i.b.);substation;;;;Traismauer;;574973872;node;;;;;;;;;;;;;;;;;4416,928368
MULTILINESTRING ((633651.482561956 5342638.49818779,635983.088362668 5342519.84561563));329923256;Umspannwerk Lassee;substation;;;;Lasse;;9593524235;node;generator;;;;;;;;;;solar;yes;photovoltaic;;;;2334,622891
MULTILINESTRING ((615960.627085338 5370207.49987302,608891.991887824 5372674.61601421));478850561;Umspannwerk Gaweinstal;substation;;;;Gaweinstal;;7315127211;node;generator;;;;;;;;;;wind;3.2 MW;wind_turbine;;;;7486,806102
MULTILINESTRING ((628888.201798665 5387340.27665185,629999.552062363 5388082.20670644));478863889;Umspannwerk Hauskirchen;substation;;;;Hauskirchen;;5838427832;node;generator;;;;;;;;;;wind;;wind_turbine;;;;1336,248336
MULTILINESTRING ((581972.182365645 5311740.72990095,587891.669756095 5306465.55360522));584431023;Umspannwerk Pottenstein;substation;;110000;outdoor;Pottenstein;;878604720;way;plant;;;yes;photovoltaic;solar;;;;;;;;;;;7928,922746
MULTILINESTRING ((629743.02375817 5347266.27828595,628078.305128367 5344949.47513765));671588826;Umspannwerk Untersiebenbrunn (i.b.);substation;;;outdoor;Untersiebenbrunn;;4642841345;node;generator;;;;;;;;;;wind;;wind_turbine;;;;2852,869598
MULTILINESTRING ((591900.288804487 5339350.78106016,591893.621081209 5339271.09658042));26209260;Umspannwerk Wien West;Wien Energie GmbH;substation;;;Wien;;1058540110;way;plant;;;yes;photovoltaic;solar;;;;ÖBB-Infrastruktur AG;;;;;;;79,96295921
MULTILINESTRING ((603163.441229866 5345864.55897364,601655.656884058 5345982.9986401));26644088;Umspannwerk Wien Nord;;substation;;;Wien;;170478596;way;plant;;;4.8 MW;run-of-the-river;hydro;Laufkraftwerk Nussdorf;;;;;;;;;;1512,429036
MULTILINESTRING ((605675.711652691 5331046.93862996,605122.224469169 5330849.11885442));27795895;Umspannwerk Wien Südost;Austrian Power Grid AG;substation;;;Wien;;312162191;node;generator;;;;;;EA-WP-UNT-2;;;Wien Energie;wind;1 MW;wind_turbine;;;;587,7760848
MULTILINESTRING ((609751.954817976 5334708.0573269,609163.625481646 5336124.94123345));28766884;Umspannwerk Kaiserebersdorf;Wien Energie;substation;;;Wien;;931583218;way;plant;;;yes;photovoltaic;solar;;;;;;;;;;;1534,174505
MULTILINESTRING ((606902.993264211 5337383.30039304,606816.854791397 5337263.13199583));123115522;Umspannwerk Kraftwerk Simmering (i.b.);;substation;;;Wien;;1517649005;node;;;;;;;;;;;;;;;;;147,8522242
MULTILINESTRING ((605405.85849431 5347517.31542586,606146.827922481 5348191.13196108));376356832;Umspannwerk Leopoldau (i.b.);Wien Energie;substation;;;Wien;;522560596;way;generator;;;;;;;;;;solar;yes;photovoltaic;;;;1001,531036
MULTILINESTRING ((606637.694013067 5337582.86642677,606637.691580556 5337582.86605247));138406969;Kraftwerk Simmering (i.b.);Wien Energie GmbH;combustion;;Kraftwerk Simmering;Wien;;138406969;way;plant;;;1156 MW;combustion;"gas;oil;biomass";Kraftwerk Simmering;;;Wien Energie;;;;837 MW;;;0,002461141
MULTILINESTRING ((448174.85574361 5352631.10442904,449886.874892987 5349864.93817684));24830381;Umspannwerk Nord;LINZ AG;substation;110000;outdoor;Linz;;15734776;way;plant;;;251 MW;combustion;"gas;waste;biomass";Fernheizkraftwerk Linz-Mitte;FHKW Linz-Mitte;;LINZ AG;;;;;239 MW;;3253,103949
MULTILINESTRING ((451185.14650394 5346175.21171237,451567.249046108 5346250.65463859));29563097;UW Hütte Süd 110kV;voestalpine Stahl GmbH;substation;110000;indoor;Linz;;123754668;way;plant;;;172 MW;combustion;gas;Fernheizkraftwerk Linz-Süd;FHKW Linz-Süd;;LINZ AG;"biofuel;oil;gas";;;;;yes;389,4791238
MULTILINESTRING ((449955.649715607 5352547.80154689,449886.874892987 5349864.93817684));33077861;Umspannwerk Katzbach;Linz AG;substation;;outdoor;Linz;;15734776;way;plant;;;251 MW;combustion;"gas;waste;biomass";Fernheizkraftwerk Linz-Mitte;FHKW Linz-Mitte;;LINZ AG;;;;;239 MW;;2683,744742
MULTILINESTRING ((426414.927665978 5350422.0682324,427765.100196989 5341778.19073099));92870633;Umspannwerk Eferding;;substation;110000;outdoor;Hinzenbach;;888617365;way;plant;;;;combustion;biomass;Nahwärme Buchkirchen;;;Nahwärme Buchkirchen eGen;;;;;;yes;8748,690423
MULTILINESTRING ((399939.311357644 5316241.96073699,396995.36652154 5314622.17644527));93187006;Umspannwerk Vöcklabruck;;substation;110000;outdoor;Regau;;947010474;way;plant;;;;;;Lenzing Energy Power Plant;;;;;;;;;;3360,135764
MULTILINESTRING ((453723.54281654 5345005.23349113,451567.249046108 5346250.65463859));93370554;Umspannwerk Pichling;;substation;110000;outdoor;Linz;;123754668;way;plant;;;172 MW;combustion;gas;Fernheizkraftwerk Linz-Süd;FHKW Linz-Süd;;LINZ AG;"biofuel;oil;gas";;;;;yes;2490,115792
MULTILINESTRING ((445721.494623388 5344041.32314711,447109.564191258 5342647.90781988));102572506;Umspannwerk Wegscheid;Linz AG;substation;110000;outdoor;Linz;;135361274;way;plant;;;1300 kW;run-of-the-river;hydro;Kleinwasserkraftwerk Traunwehr;;;Linz AG;;;;;;;1966,810464
MULTILINESTRING ((418100.149659851 5328386.32567644,417048.724976011 5326809.96407818));118132395;Umspannwerk Lambach;Energie AG;substation;110000;outdoor;Edt bei Lambach;;1022808157;way;plant;;;13.9 MW;run-of-the-river;hydro;Kraftwerk Lambach;;;Energie AG;;;;;;;1894,837659
MULTILINESTRING ((410250.096723847 5313706.98526085,411509.548859054 5314844.13727486));30842675;Schaltwerk Ohlsdorf;Energie AG;substation;110000;outdoor;Ohlsdorf;;146016366;way;plant;;;61000 kW;combustion;gas;Thermisches Kraftwerk Laakirchen CMOÖ;;;Energie AG;;;;;;122000 kW;1696,860154
MULTILINESTRING ((410472.463844266 5316649.76350172,410173.778199832 5316469.51990177));32809456;Umspannwerk Steyrermühl;;substation;110000;outdoor;Laakirchen;;496013235;way;plant;;;390 kW;run-of-the-river;hydro;Kraftwerk Gschröff;;;Energie AG;;;run-of-the-river;;;;348,8565171
MULTILINESTRING ((442334.598536097 5339350.64492124,442304.646685799 5339511.24118866));33058565;Umspannwerk Pucking (i.b.);Energie AG Oberösterreich;substation;110000;outdoor;Pucking;;61015936;way;plant;;;45.8 MW;run-of-the-river;hydro;Kraftwerk Traun-Pucking;;;Energie AG Oberösterreich;;;;;;;163,3654628
MULTILINESTRING ((456913.361250396 5340077.00013379,457704.706602355 5344002.18448993));33064531;Umspannwerk Tyllisburg;;substation;110000;outdoor;St. Florian;;422054249;way;plant;;;168 MW;run-of-the-river;hydro;Wasserkraftwerk Abwinden-Asten;;;Verbund Austrian Hydro Power AG;;;;;;;4004,160298
MULTILINESTRING ((457005.560438222 5324054.88588836,460425.91399516 5327403.73401506));33066376;Umspannwerk Steyr-Nord;Energie AG;substation;110000;outdoor;Steyr;;33062622;way;plant;;;43 MW;run-of-the-river;hydro;Wasserkraftwerk Staning;;;Ennskraftwerke AG;;;;;;;4786,815458
MULTILINESTRING ((458185.812072397 5321235.85334358,456141.650926328 5318461.86837935));33066588;Umspannwerk Steyr-Fischhub;;substation;110000;outdoor;Steyr;;259327210;way;plant;;;38 MW;run-of-the-river;hydro;Kraftwerk Garsten-St. Ulrich;;;Ennskraftwerke AG;;;;;;;3445,807216
MULTILINESTRING ((453594.958902084 5315796.04633543,453513.597803912 5315693.18777374));33482741;Kraftwerk Rosenau;;substation;110000;outdoor;Garsten;;152183126;way;plant;;;34 MW;run-of-the-river;hydro;Kraftwerk Rosenau;;;Ennskraftwerke AG;;;;;;;131,14691
MULTILINESTRING ((449760.537925248 5349938.34977356,449886.874892987 5349864.93817684));33616646;UW Fernheizkraftwerk Mitte;;substation;;;Linz;;15734776;way;plant;;;251 MW;combustion;"gas;waste;biomass";Fernheizkraftwerk Linz-Mitte;FHKW Linz-Mitte;;LINZ AG;;;;;239 MW;;146,117391
MULTILINESTRING ((394713.630742453 5318462.35404121,394824.460377955 5318686.3912377));33840061;Umspannwerk Timelkam;;substation;110000;outdoor;Timelkam;;33840137;way;plant;;;405 MW;combustion;gas;Kraftwerk Timelkam;;;Energie AG Oberösterreich;;;;;;;249,9517424
MULTILINESTRING ((410675.431326685 5318980.78299154,410870.444206233 5319267.61827176));34258314;Umspannwerk Traunfall;;substation;110000;outdoor;Roitham am Traunfall;;382870750;way;plant;;;9850 kW;run-of-the-river;hydro;Kraftwerk Traunfall;;;Energie AG;;;;;;;346,8493926
MULTILINESTRING ((462839.408506459 5371606.8149626,461908.098155183 5364053.11596399));35034309;Umspannwerk Freistadt;Linz Strom AG;substation;"110000;20000";outdoor;Freistadt;;9910542883;node;plant;;;;;;Fernheizkraftwerk;;;;;;;;;;7610,894003
MULTILINESTRING ((426039.231330076 5337230.99902159,426176.156577562 5333640.18402372));37232839;Umspannwerk Puchberg;;substation;110000;outdoor;Wels;;364737988;way;plant;;;47 MW;combustion;gas;Fernheizkraftwerk Wels;;;Wels Strom GmbH;;;;;;102 MW;3593,424672
MULTILINESTRING ((430074.614552559 5335090.8112534,433076.276351995 5335843.80102551));40917240;EWW - Umspannwerk Ost;EWW;substation;110000;outdoor;Wels;;1008039251;way;plant;;;42.8 MW;run-of-the-river;hydro;Kraftwerk Marchtrenk;;;Energie AG Oberösterreich;;;;;;;3094,667535
MULTILINESTRING ((463921.690666356 5304421.91374727,463537.651819856 5304524.81034616));42306133;Umspannwerk Großraming;;substation;110000;outdoor;Reichraming;;266583793;way;plant;;;72 MW;run-of-the-river;hydro;Wasserkraftwerk Grossraming;;;Ennskraftwerke AG;;;;;;;397,5846396
MULTILINESTRING ((434668.57127202 5321103.34256907,437567.544147296 5325465.42674137));50899766;Umspannwerk Kremsmünster;Energie AG;substation;110000;outdoor;Kremsmünster;;973035934;way;plant;;;;photovoltaic;solar;;;;;;;;;;;5237,539695
MULTILINESTRING ((389677.978809151 5340781.44565609,385211.577508651 5347669.54505839));81216242;Umspannwerk Ried;;substation;110000;outdoor;Hohenzell;;712368763;way;plant;;;;;;;;;;;;;;;;8209,424703
MULTILINESTRING ((357630.404292775 5346590.55534145,352114.196499895 5345404.95211518));81540198;Umspannwerk St. Peter;Austrian Power Grid AG;substation;;;St. Peter am Hart;;28599518;way;plant;;;100 MW;run-of-the-river;hydro;Innkraftwerk Braunau-Simbach;;;Österreichisch-Bayerische Kraftwerke AG;;;;;;;5642,180733
MULTILINESTRING ((409279.657739169 5308504.13179454,410091.612075985 5309594.59741311));86869607;Umspannwerk Gmunden;Energie AG;substation;110000;outdoor;Gmunden;;31007053;way;plant;;;12.2 MW;run-of-the-river;hydro;Kraftwerk Gmunden;;;Energie AG;;;;;;;1359,553276
MULTILINESTRING ((433060.360494445 5335935.0506233,433076.276351995 5335843.80102551));87526678;Umspannwerk Marchtrenk (i.b.);;substation;110000;outdoor;Marchtrenk;;1008039251;way;plant;;;42.8 MW;run-of-the-river;hydro;Kraftwerk Marchtrenk;;;Energie AG Oberösterreich;;;;;;;92,62722936
MULTILINESTRING ((437067.724471777 5351667.20077083,437087.822717285 5351823.42827775));91579706;Kraftwerk Ottensheim;Energie AG;substation;110000;outdoor;Wilhering;;422057609;way;plant;;;179 MW;run-of-the-river;hydro;Kraftwerk Ottensheim-Wilhering;;;VERBUND Hydro Power GmbH;;;;;;;157,5149942
MULTILINESTRING ((352138.548965577 5345230.01650941,352114.196499895 5345404.95211518));93982415;Umspannwerk Innkraftwerk Braunau-Simbach (i.b.);;substation;;;Braunau am Inn;;28599518;way;plant;;;100 MW;run-of-the-river;hydro;Innkraftwerk Braunau-Simbach;;;Österreichisch-Bayerische Kraftwerke AG;;;;;;;176,6225035
MULTILINESTRING ((459310.751421043 5321678.14924345,456141.650926328 5318461.86837935));94159103;Umspannwerk Steyr-Ost;Energie AG Oberösterreich;substation;110000;outdoor;Steyr;;259327210;way;plant;;;38 MW;run-of-the-river;hydro;Kraftwerk Garsten-St. Ulrich;;;Ennskraftwerke AG;;;;;;;4515,269709
MULTILINESTRING ((361132.517100931 5331366.34671208,363580.12350175 5318790.07025767));95003268;Umspannwerk Mattighofen;;substation;110000;outdoor;Schalchen;;436405895;way;plant;;;;;;;;;;;;;yes;;;12812,2405
MULTILINESTRING ((412292.417524792 5343247.1638294,427765.100196989 5341778.19073099));95024146;Umspannwerk Grieskirchen;Energie AG;substation;110000;outdoor;Grieskirchen;;888617365;way;plant;;;;combustion;biomass;Nahwärme Buchkirchen;;;Nahwärme Buchkirchen eGen;;;;;;yes;15542,25823
MULTILINESTRING ((433749.443098255 5306426.87764843,433831.432029258 5306465.12502959));95025696;Umspannwerk Kirchdorf;;substation;110000;outdoor;Kirchdorf an der Krems;;1019798253;way;plant;;;13.2 MW;combustion;gas;Blockheizkraftwerk Kirchdorf;;;Energie AG;;;;13.2 MW;;;90,47124943
MULTILINESTRING ((440922.881626302 5322041.29268108,437567.544147296 5325465.42674137));95025698;Umspannwerk Bad Hall;;substation;110000;outdoor;Bad Hall;;973035934;way;plant;;;;photovoltaic;solar;;;;;;;;;;;4794,057119
MULTILINESTRING ((379504.955627984 5315171.84306707,390096.522046071 5307825.43782034));95289063;Umspannwerk Frankenmarkt;;substation;110000;outdoor;Weißenkirchen im Attergau;;1017164365;way;plant;;;yes;;hydro;;;;;;;;;;;12889,95536
MULTILINESTRING ((384375.966818374 5295742.9659758,385936.524815298 5295334.72749728));95297285;Umspannwerk Unterach;Energie AG;substation;110000;outdoor;Unterach am Attersee;;238039007;way;plant;;;yes;;;Sandoz;;;;;;;;;;1613,071578
MULTILINESTRING ((411499.752003874 5314907.32453306,411509.548859054 5314844.13727486));95456147;Umspannwerk Laakirchen;;substation;;;Laakirchen;;146016366;way;plant;;;61000 kW;combustion;gas;Thermisches Kraftwerk Laakirchen CMOÖ;;;Energie AG;;;;;;122000 kW;63,94222369
MULTILINESTRING ((387989.422605964 5286535.00315314,389142.866038072 5286080.23683592));95640323;Umspannwerk Strobl;Energie AG;substation;110000;outdoor;St. Wolfgang im Salzkammergut;;996285676;way;plant;;;yes;run-of-the-river;hydro;Kraftwerk Weinbach;;de:Energie AG Oberösterreich;Energie AG;;;run-of-the-river;;;;1239,856506
MULTILINESTRING ((397242.599314264 5273616.98864934,408727.448320566 5273324.95765481));95642941;Kraftwerk Steeg;;substation;110000;outdoor;Bad Goisern am Hallstättersee;;226950329;way;plant;;;128 kW;run-of-the-river;hydro;Werk Pratergasse;;;Schwarz, Wagendorffer & Co.;;;;;;;11488,56122
MULTILINESTRING ((394751.531661406 5285841.45687785,389142.866038072 5286080.23683592));95743675;Umspannwerk Pfandl;Energie AG;substation;;;Bad Ischl;;996285676;way;plant;;;yes;run-of-the-river;hydro;Kraftwerk Weinbach;;de:Energie AG Oberösterreich;Energie AG;;;run-of-the-river;;;;5613,746159
MULTILINESTRING ((465767.077176729 5343162.33881871,465153.069100182 5341396.79779027));95828347;Umspannwerk Mauthausen;Linz AG;substation;110000;outdoor;Mauthausen;;95828353;way;plant;;;51 MW;run-of-the-river;hydro;Wasserkraftwerk St. Pantaleon-Erla;;;Ennskraftwerke AG;;;;;;;1869,262165
MULTILINESTRING ((477333.849409322 5334596.33290329,477353.192964647 5334820.23262007));95837658;Umspannwerk Wallsee;Austrian Power Grid AG;substation;110000;outdoor;Mitterkirchen im Marchland;;422054247;way;plant;;;210 MW;run-of-the-river;hydro;Kraftwerk Wallsee-Mitterkirchen;;;VERBUND Hydro Power GmbH;;;;;;;224,7337454
MULTILINESTRING ((462973.208721925 5356404.63162904,461908.098155183 5364053.11596399));95843031;Umspannwerk Friensdorf;Linz Strom AG;substation;110000;outdoor;Wartberg ob der Aist;;9910542883;node;plant;;;;;;Fernheizkraftwerk;;;;;;;;;;7722,290667
MULTILINESTRING ((385366.007561848 5367261.26050209,384812.071873203 5365926.11636278));95975628;Umspannwerk Aigerding;Energie AG;substation;110000;outdoor;St. Florian am Inn;;1728301758;node;;;;;;;;;;;;;;;;;1445,494594
MULTILINESTRING ((381119.922046782 5356444.62642409,383177.795730923 5352670.07141706));95978048;Umspannwerk Antiesenhofen;;substation;110000;outdoor;Antiesenhofen;;339814753;way;plant;;;yes;photovoltaic;solar;;;;;;;;;;;4299,082414
MULTILINESTRING ((354076.179694068 5342754.89171402,352114.196499895 5345404.95211518));96323087;Umspannwerk Braunau am Inn;;substation;;;Braunau am Inn;;28599518;way;plant;;;100 MW;run-of-the-river;hydro;Innkraftwerk Braunau-Simbach;;;Österreichisch-Bayerische Kraftwerke AG;;;;;;;3297,301652
MULTILINESTRING ((339129.827172203 5321800.89621722,355538.956199749 5316726.9407446));97870174;Umspannwerk Riedersbach;;substation;;;St. Pantaleon;;325403751;way;plant;;;1235 kW;photovoltaic;solar;Photovoltaik Park;;;WHB PV-Park GmbH;;;;;;;17175,69619
MULTILINESTRING ((407761.312144478 5371510.00539332,407761.311202916 5371510.00569908));97989146;Kraftwerk Ranna;Energie AG;substation;110000;outdoor;Neustift im Mühlkreis;;97989146;way;plant;;;19 MW;water-storage;hydro;Kraftwerk Ranna;;;Energie AG;;;;;;;0,000989964
MULTILINESTRING ((425762.597979082 5378618.29438513,427471.115174605 5381286.44162511));98308316;Umspannwerk Rohrbach-Berg (i.b.);;substation;110000;outdoor;Rohrbach-Berg;;1015914053;way;plant;;;yes;photovoltaic;solar;Solar Kepplinger;;;;;;;;;;3168,286714
MULTILINESTRING ((444444.921287057 5337048.13067476,445015.010654403 5339313.67086557));98371047;Umspannwerk Nettingsdorf;;substation;110000;outdoor;Ansfelden;;137596364;way;plant;;;;;biomass;Fernheizkraftwerk Haid;;;;;;;;;yes;2336,16657
MULTILINESTRING ((405560.944685001 5293082.27414785,390671.613871957 5295101.8018595));107117959;Umspannwerk Steinkogl;Energie AG;substation;110000;outdoor;Ebensee;;7682148119;node;;;;;;;Steinbach am Attersee;;;;;;;;;;15025,66685
MULTILINESTRING ((397021.295222577 5315383.57059721,396995.36652154 5314622.17644527));118098478;Umspannwerk Lenzing;;substation;;;Lenzing;;947010474;way;plant;;;;;;Lenzing Energy Power Plant;;;;;;;;;;761,8355152
MULTILINESTRING ((395520.960088634 5316533.40998193,394824.460377955 5318686.3912377));118104933;Umrichterwerk Timelkam;;substation;;;Timelkam;;33840137;way;plant;;;405 MW;combustion;gas;Kraftwerk Timelkam;;;Energie AG Oberösterreich;;;;;;;2262,838955
MULTILINESTRING ((371579.282921807 5339683.90759487,381274.932404174 5333631.21974642));122351223;Umspannwerk Roßbach;;substation;110000;outdoor;Roßbach;;734110637;way;plant;;;;;biomass;Biomasse Heizwerk;;;;;;;yes;;;11429,81404
MULTILINESTRING ((368075.576747999 5316458.63471214,363580.12350175 5318790.07025767));122454383;Umspannwerk R.A.G. Austria (i.b.);;substation;;;Lengau;;436405895;way;plant;;;;;;;;;;;;;yes;;;5064,058806
MULTILINESTRING ((418436.025964044 5317393.83995706,411509.548859054 5314844.13727486));124415043;Umspannwerk Vorchdorf;Energie AG;substation;110000;outdoor;Vorchdorf;;146016366;way;plant;;;61000 kW;combustion;gas;Thermisches Kraftwerk Laakirchen CMOÖ;;;Energie AG;;;;;;122000 kW;7380,858274
MULTILINESTRING ((447970.231733888 5343482.15073613,447109.564191258 5342647.90781988));135931468;Umspannwerk Franzosenhausweg;Linz AG;substation;110000;outdoor;Linz;;135361274;way;plant;;;1300 kW;run-of-the-river;hydro;Kleinwasserkraftwerk Traunwehr;;;Linz AG;;;;;;;1198,628325
MULTILINESTRING ((451678.680324955 5310059.74586881,451642.14957778 5309937.66319943));144202272;Kraftwerk Ternberg;;substation;110000;outdoor;Ternberg;;453932120;way;plant;;;42 MW;run-of-the-river;hydro;Wasserkraftwerk Ternberg;;;Ennskraftwerke AG;;;;;;;127,4310545
MULTILINESTRING ((482178.974195514 5339186.37962415,484206.001823443 5339366.11629594));174531795;Umspannwerk Baumgartenberg;Linz Strom GmbH;substation;;outdoor;Baumgartenberg;;1031708083;way;plant;;;yes;thermal;biomass_solar;;;;;;;;;;;2034,980657
MULTILINESTRING ((358810.384431328 5329041.86296233,363580.12350175 5318790.07025767));185860195;Umspannwerk Wagenham;Energie AG;substation;110000;outdoor;Pischelsdorf am Engelbach;;436405895;way;plant;;;;;;;;;;;;;yes;;;11307,06259
MULTILINESTRING ((462497.466367872 5342504.87405377,462862.106081026 5341206.55088469));186110657;Umspannwerk Enns-Industrie;;substation;110000;outdoor;Enns;;206535083;way;plant;;;5 MW;combustion;biomass;Biomasseheizkraftwerk Ennsdorf;;;GEM - Gesellschaft für Energieversorgung und -management mbH;;;;25 MW;;;1348,5567
MULTILINESTRING ((456146.94557819 5318422.92204824,456141.650926328 5318461.86837935));259327225;Umspannwerk St. Ullrich bei Steyr (i.b.);;substation;110000;outdoor;St. Ulrich bei Steyr;;259327210;way;plant;;;38 MW;run-of-the-river;hydro;Kraftwerk Garsten-St. Ulrich;;;Ennskraftwerke AG;;;;;;;39,30458046
MULTILINESTRING ((442581.882608226 5346475.66614775,447109.564191258 5342647.90781988));320442058;Umspannwerk Leonding;APG;substation;;;Leonding;;135361274;way;plant;;;1300 kW;run-of-the-river;hydro;Kleinwasserkraftwerk Traunwehr;;;Linz AG;;;;;;;5928,881373
MULTILINESTRING ((384912.816186432 5379012.97073725,384507.780648669 5379012.5334645));365493403;Umspannwerk Schardenberg (i.b.);;substation;110000;outdoor;Schardenberg;;27661875;way;plant;110000;;86.4 MW;run-of-the-river;hydro;Kraftwerk Passau-Ingling;;;Grenzkraftwerke GmbH;;;;;;;405,0357738
MULTILINESTRING ((462266.53299852 5375733.75307855,461908.098155183 5364053.11596399));497665559;Umspannwerk Rainbach im Mühlkreis;Linz AG;substation;"110000;30000";;Rainbach im Mühlkreis;;9910542883;node;plant;;;;;;Fernheizkraftwerk;;;;;;;;;;11686,13533
MULTILINESTRING ((431814.017660815 5355571.75854654,427660.823718966 5359567.84704906));587747481;Umspannwerk Feldkirchen;;substation;;outdoor;Feldkirchen an der Donau;;92873348;way;plant;;;324 MW;run-of-the-river;hydro;Kraftwerk Aschach;;;VERBUND Hydro Power GmbH;;;;;;;5763,483603
MULTILINESTRING ((356169.662976864 5285458.05755765,360153.379487339 5286377.69706978));33004953;;substation;50;110000;Umspannwerk Oberalm;Hallein;;156087600;way;plant;;;240 kW;;hydro;Wasserkraftwerk Wiestal-Ausgleichsbecken;;;Salzburg AG;;;;;;;4088,487993
MULTILINESTRING ((356460.90169972 5223683.99416528,356462.054141312 5223673.15356848));88844733;AT;substation;;110000;UW Angertal;Bad Hofgastein;;88844735;way;plant;;;;;;UW Angertal;;;Salzburg AG;;;;;;;10,90168155
MULTILINESTRING ((359405.139583082 5305899.61906326,359288.259454136 5306114.19966465));33003040;AT;substation;50;110000;Umspannwerk Seekirchen;Seekirchen am Wallersee;;392831650;way;plant;;;;;biofuel;Heizwerk Seekirchen;;;;;;;yes;;;244,3477011
MULTILINESTRING ((352408.686311932 5299650.27697664,352797.763510188 5299069.34095322));33003245;;substation;;110000;Umspannwerk Hagenau;Salzburg Stadt;;4700752374;node;;;;;;;;;;;;;;;;;699,1907676
MULTILINESTRING ((354506.311155388 5286414.43391358,360153.379487339 5286377.69706978));33004923;;substation;50;110000;Umspannwerk Taxach;Hallein;;156087600;way;plant;;;240 kW;;hydro;Wasserkraftwerk Wiestal-Ausgleichsbecken;;;Salzburg AG;;;;;;;5647,187826
MULTILINESTRING ((329195.820136331 5236456.05876393,328927.228821154 5236496.54233831));38821658;;substation;50;"380000;220000;110000";Umspannwerk Kaprun;Kaprun;;113197420;way;plant;;;260 MW;water-storage;hydro;Kraftwerk Kaprun Hauptstufe;;;Verbund Hydro Power GmbH;;;;;;;271,6251358
MULTILINESTRING ((359276.632633128 5241896.80183696,359329.395472935 5241834.67035181));83803297;;substation;;110000;Umspannwerk Flusskraftwerk Schwarzach (i.b.);Schwarzach im Pongau;;1247178285;node;;;;;;;;;;;;;;;;;81,51219978
MULTILINESTRING ((395386.145183704 5216562.7732649,384751.13361883 5217807.98937508));86499892;;substation;50;"110000;30000";Umspannwerk Lungau;St. Michael im Lungau;;605645361;way;plant;;;104 MW;water-pumped-storage;hydro;Wasserkraftwerk Hintermuhr;;;Salzburg AG;;;;;;;10707,6624
MULTILINESTRING ((363177.666816976 5272455.62351172,363394.438957658 5271634.58004301));93206012;;substation;50;110000;Umspannwerk Golling;Golling an der Salzach;;584422521;way;plant;;;261 kW;;hydro;;;;;;;;;;;849,1775659
MULTILINESTRING ((334542.94210292 5239212.4588193,339702.253335532 5239080.33260424));93483694;;substation;50;110000;Umspannwerk Bruck;Bruck an der Großglocknerstraße;;867157747;way;plant;;;9 MW;run-of-the-river;hydro;Kraftwerk Gries;;;Verbund Hydro Power GmbH;;;;;;;5161,002784
MULTILINESTRING ((347309.342952107 5313145.27325617,355538.956199749 5316726.9407446));98007002;;substation;;;Umspannwerk Göming;Göming;;325403751;way;plant;;;1235 kW;photovoltaic;solar;Photovoltaik Park;;;WHB PV-Park GmbH;;;;;;;8975,236833
MULTILINESTRING ((308806.654294886 5239197.40167908,305252.006591149 5239318.44596228));98249243;;substation;50;110000;Umspannwerk Mittersill;Mittersill;;294212983;way;plant;;;5.2 MW;water-storage;hydro;Kraftwerk Hollersbach;;;Salzburg AG;;;;;;;3556,708031
MULTILINESTRING ((378047.620626944 5246953.55220775,379669.621754321 5244802.40003359));102151229;;substation;50;110000;Umspannwerk Reitdorf;Flachau;;957605024;way;plant;;;yes;photovoltaic;solar;;;;;;;;;;;2694,131276
MULTILINESTRING ((318258.948143739 5249497.30516171,316019.861755397 5237175.15766764));106525523;;substation;50;110000;Umspannwerk Hinterglemm;Saalbach-Hinterglemm;;28620626;way;plant;;;93 MW;water-storage;hydro;Kraftwerk Uttendorf;;;ÖBB;;;;;;;12523,93016
MULTILINESTRING ((335108.511707958 5246148.08997842,334160.240506353 5249368.45773661));108120142;;substation;50;110000;Umspannwerk Maishofen;Maishofen;;841795769;way;plant;;;yes;photovoltaic;solar;;;;;;;;;;;3357,080096
MULTILINESTRING ((339965.021601871 5254225.60247259,334321.381769091 5250738.23632173));112481895;;substation;50;110000;Umspannwerk Saalfelden am Seinernen Meer (i.b.);Saalfelden am Steinernen Meer;;841893547;way;plant;;;yes;photovoltaic;solar;;;;;;;;;;;6634,18369
MULTILINESTRING ((352730.330326469 5290391.77224722,353118.122628486 5296989.01168674));404737810;;substation;;;Umspannwerk Anif (i.b.);Salzburg Umgebung;;56126690;way;plant;;;84 MW;combustion;gas;Heizkraftwerk Salzburg Mitte;;;Salzburg AG;;;;127 MW;;;6608,62702
MULTILINESTRING ((356894.032175 5216509.74249271,356894.032188709 5216509.74245209));659744850;13;;;;Kraftwerk Böckstein (i.b.);Bad Gastein;;659744850;way;plant;;;44.5 MW;;hydro;Kraftwerk Böckstein;;;Salzburg AG;;;;;;;4,29E-05
MULTILINESTRING ((352871.566674542 5214373.59298244,352871.566695527 5214373.59298869));660188003;14;;;;Kraftwerk Nassfeld (i.b.);Bad Gastein;;660188003;way;plant;;;31.5 MW;;hydro;Kraftwerk Nassfeld;;;Salzburg AG;;;;;;;2,19E-05
MULTILINESTRING ((472489.145956631 5224573.79806101,471975.906517332 5224601.7923367));88802394;Umspannwerk Judenburg West;;;industrial;Stadtwerke Judenburg AG;Judenburg;;448976776;way;plant;;;yes;photovoltaic;solar;;;;;;;;;;;514,0023361
MULTILINESTRING ((503917.687054529 5248266.32146422,507175.374574758 5248356.15843868));90707742;UW-Donawitz-Nord;;;;;St. Peter-Freienstein;;84505849;way;plant;;;10 MW;run-of-the-river;hydro;Wasserkraftwerk Leoben;;;Verbund Hydro Power GmbH;;;;;;;3258,925998
MULTILINESTRING ((553506.392442385 5217921.48462537,549012.905323624 5227889.04080916));96210904;Umspannwerk Gleisdorf (i.b.);;;industrial;;Gleisdorf;;401842159;way;plant;;;;;;Fernwärmewerk;;;FERNWÄRME WEIZ G.M.B.H.;;;;;;;10933,59972
MULTILINESTRING ((579399.748841685 5232444.47602138,589927.984750522 5239793.89696268));102767009;Umspannwerk Unterrohr;;110000;industrial;STEWEAG;Rohr bei Hartberg;;86585581;way;plant;;;;;biomass;Biomassekraftwerk Oberwart;;;;;;;;;;12839,6939
MULTILINESTRING ((480910.842695186 5222441.86699829,478993.597209288 5224563.81765986));27719234;Umspannwerk Baumkirchen;;;;STEWEAG;Weißkirchen in Steiermark;;30380114;way;plant;;;22 MW;run-of-the-river;hydro;Kraftwerk Fisching;;;Verbund Hydro Power GmbH;;;;;;;2859,808536
MULTILINESTRING ((547799.430914718 5228348.97073074,549012.905323624 5227889.04080916));79122729;Umspannwerk Weiz;;;;;Weiz;;401842159;way;plant;;;;;;Fernwärmewerk;;;FERNWÄRME WEIZ G.M.B.H.;;;;;;;1297,711707
MULTILINESTRING ((520663.734499194 5252245.0697574,521039.185388237 5251671.43214402));81611149;Umspannwerk Bruck an der Mur;;110000;;;Bruck an der Mur;;896874738;way;plant;;;;;waste;Müllverbrennung K9;;;Norske Skog;;;;;;;685,5825855
MULTILINESTRING ((542688.990197913 5183096.86728821,544643.961599473 5181448.27334001));83740188;Umspannwerk Leibnitz;;;;;Leibnitz;;103776186;way;plant;;;15 MW;run-of-the-river;hydro;Kraftwerk Gabersdorf;;;Verbund Hydro Power GmbH;;;;;;;2557,298416
MULTILINESTRING ((532206.819877158 5194546.52350557,536970.247062006 5195425.14918526));83740194;Umspannwerk Kainachtal/Zwaring;;"380000;110000";;"Verbund Austrian Power Grid AG;STEWEAG-STEG";Dobl-Zwaring;;167350182;way;plant;;;16.0 MW;run-of-the-river;hydro;Kraftwerk Mellach;;;Verbund Hydro Power GmbH;;;;;;;4843,781749
MULTILINESTRING ((555078.168000178 5215548.27010166,549012.905323624 5227889.04080916));83742801;Umspannwerk Oststeiermark/Wünschendorf;;"380000;110000";;"Verbund Austrian Power Grid AG;STEWEAG-STEG";Hofstätten an der Raab;;401842159;way;plant;;;;;;Fernwärmewerk;;;FERNWÄRME WEIZ G.M.B.H.;;;;;;;13750,71027
MULTILINESTRING ((517283.802481054 5184988.2370028,516664.813751387 5185121.3675941));87702041;UW Deutschlandsberg;;110000;;STEWEAG;Deutschlandsberg;;333044306;way;plant;;;;thermal;biomass;Biomasseheizwerk;;;;;;;;;;633,143587
MULTILINESTRING ((501569.320339818 5249278.20985183,501755.575206291 5253044.23128794));88680218;Umspannwerk Hessenberg;;"220000;110000";;Verbund Austrian Power Grid AG;St. Peter-Freienstein;;422840700;way;plant;;;yes;photovoltaic;solar;Photovoltaikanlage Treffning;;;;;;;;;;3770,624396
MULTILINESTRING ((479243.743887192 5225337.04373835,478993.597209288 5224563.81765986));88684218;Kraftwerk Zeltweg;;;;;Zeltweg;;30380114;way;plant;;;22 MW;run-of-the-river;hydro;Kraftwerk Fisching;;;Verbund Hydro Power GmbH;;;;;;;812,6819359
MULTILINESTRING ((440421.581480818 5269318.96269598,433615.921478811 5264735.86037879));89451551;Umspannwerk Weißenbach;;;;Verbund Austrian Power Grid AG;Liezen;;513090461;way;plant;;;;;;;;;;;;;;;;8204,988416
MULTILINESTRING ((521456.560905853 5177591.05285445,524595.657113619 5176775.03316332));89555133;Umspannwerk Bergla;;110000;;STEWEAG;St. Martin im Sulmtal;;119054530;way;plant;;;yes;;hydro;Elektrizitätswerk Gasselsdorf;;;;;;run-of-the-river;;;;3243,426142
MULTILINESTRING ((407406.156160591 5251855.61140442,402234.478370884 5245426.53948561));90431884;Umspannwerk Haus;;;;Energie Steiermark;Haus;;444870545;way;plant;;;;;;KKW Tetter;;;;;;;;;;8251,013083
MULTILINESTRING ((432755.336714196 5260093.60891747,434216.899621701 5256988.84591488));91013052;Umspannwerk Irdning;;110000;;;Irdning-Donnersbachtal;;943662799;way;plant;;;yes;run-of-the-river;hydro;Kleinwasserkraftwerk Moseralmbach 1;;;;;;;;;;3431,576815
MULTILINESTRING ((443904.576461962 5268379.69040436,433615.921478811 5264735.86037879));91071153;Umspannwerk Liezen;;110000;;STEWEAG-STEG;Liezen;;513090461;way;plant;;;;;;;;;;;;;;;;10914,84854
MULTILINESTRING ((459665.3874356 5260265.88024309,460283.61427742 5259986.1003606));91236151;Umspannwerk Schwarzenbach;;;;;Trieben;;8083027594;node;plant;;;10 MW;run-of-the-river;hydro;Kraftwerk Triebenbach;;;Verbund Hydro Power GmbH;;;;;;;678,5876587
MULTILINESTRING ((500133.539313568 5245036.90258304,507175.374574758 5248356.15843868));92220396;Umspannwerk Sankt Michael;;;;STEWEAG-STEG;Traboch;;84505849;way;plant;;;10 MW;run-of-the-river;hydro;Wasserkraftwerk Leoben;;;Verbund Hydro Power GmbH;;;;;;;7784,915111
MULTILINESTRING ((488052.82127719 5229705.71259099,487214.010025123 5229361.18254596));92340887;Umspannwerk Knittelfeld/Ost;;;;;Kobenz;;737251111;way;plant;;;;;;;;;;;;;;;;906,8104921
MULTILINESTRING ((429079.706627848 5217624.98832818,429087.200330221 5217564.71143174));92686645;Kraftwerk Bodendorf-Mur;;;;;St. Georgen am Kreischberg;;153223717;way;plant;;;7.0 MW;run-of-the-river;hydro;Kraftwerk Bodendorf-Mur;;;Verbund Hydro Power GmbH;;;;;;;60,74092377
MULTILINESTRING ((522311.862147758 5254302.8649907,521039.185388237 5251671.43214402));93331921;Umspannwerk Kapfenberg (i.b.);;110000;;;Kapfenberg;;896874738;way;plant;;;;;waste;Müllverbrennung K9;;;Norske Skog;;;;;;;2923,036941
MULTILINESTRING ((409186.738464768 5273992.19881039,408941.249434544 5273905.79069714));95644443;Umspannwekr Bad Aussee;;110000;;;Bad Aussee;;260532525;way;plant;;;100 kW;run-of-the-river;hydro;Werk Stögermühle;;;Schwarz, Wagendorffer & Co.;;;run-of-the-river;;;;260,2522353
MULTILINESTRING ((533490.091283199 5210766.36819195,533161.830499976 5210629.67325795));95783711;Umspannwerk Graz-Süd;;"110000;20000";;;Graz;;240115571;way;plant;;;100 MW;combustion;gas;Fernheizkraftwerk Graz-Puchstraße;;;Energie Steiermark;gas;;;211 MW;;;355,5849361
MULTILINESTRING ((537389.672679191 5207106.34706594,535592.302379827 5205036.67980764));95790224;Umspannwerk Grambach;;"110000;20000";;;Raaba-Grambach;;161423652;way;plant;;;19 MW;run-of-the-river;hydro;Kraftwerk Gössendorf;;;Verbund Hydro Power GmbH;;;;;;;2741,179044
MULTILINESTRING ((525034.810548244 5221266.66299532,525245.552234303 5220183.13030128));96168202;Umspannwerk Friesach;;;;STEWEAG;Gratkorn;;919012850;way;plant;;;;;;;;;;;;;;;;1103,836563
MULTILINESTRING ((524445.980859832 5228060.6854106,525430.687809781 5228372.78386558));96176841;Umspannwerk Deutschfeistritz;;;;;Deutschfeistritz;;129648526;way;plant;;;13.2 MW;run-of-the-river;hydro;Kraftwerk Peggau-Deutschfeistritz;;;Verbund AG;;;;;;;1032,982683
MULTILINESTRING ((510234.167452873 5211364.1692088,512675.004394113 5207582.91405511));96176843;Umspannwerk Bärnbach (i.b.);;;;;Bärnbach;;229192641;way;plant;;;1.2 MW;run-of-the-river;hydro;Kraftwerk Teigitschmühle;;;Verbund Hydro Power GmbH;;;;;;;4500,619459
MULTILINESTRING ((575400.568945165 5249125.58214413,567636.826717849 5244606.7176356));96355233;Umspannwerk Rohrbach;;;;;Rohrbach an der Lafnitz;;2993853557;node;generator;;;;;;;;;Feistritzwerke-Steweag GmbH;wind;2.30 MW;;;;;8983,085763
MULTILINESTRING ((492925.647922317 5265381.8491766,490580.643452955 5266333.00764281));96702435;Umspannwerk Eisenerz I;;110000;;;Eisenerz;;505660586;way;plant;;;;;;;;;;;;;;;;2530,56286
MULTILINESTRING ((573431.176998968 5235020.66669088,567636.826717849 5244606.7176356));96734998;Umspannwerk Hartberg;;110000;;STEWEAG;Hartberg;;2993853557;node;generator;;;;;;;;;Feistritzwerke-Steweag GmbH;wind;2.30 MW;;;;;11201,1994
MULTILINESTRING ((476263.125314455 5284501.89046443,476690.091948671 5283390.61192341));96826419;Umspannwerk Essling;;;;;Altenmarkt bei St. Gallen;;118134590;way;plant;;;30 MW;run-of-the-river;hydro;Kraftwerk Krippau;;;Verbund Hydro Power GmbH;;;;;;;1190,479106
MULTILINESTRING ((460092.450579844 5271181.61662204,459380.324418101 5267486.74276012));96959342;Umspannwerk Hall;;110000;;;Admont;;436806124;way;plant;;;;;;Kraftwerk Kaiserau;;;ENVESTA Energie- und Dienstleistungs GmbH;;;;;;;3762,87344
MULTILINESTRING ((549894.060861378 5270768.4613712,550317.519634752 5272763.45716209));97094288;Umspannwerk Mürzzuschlag;;110000;;;Mürzzuschlag;;1047680157;way;plant;;;yes;;hydro;;;;;;;;;;;2039,442458
MULTILINESTRING ((531136.563418555 5260389.79128045,529839.177419705 5263010.84984397));97094291;Umspannwerk Hadersdorf;;;;;Kindberg;;374521856;way;plant;;;;photovoltaic;solar;;;;;;;;;;;2924,578333
MULTILINESTRING ((538837.978461277 5264299.53429164,529859.997614502 5263553.99156293));97094293;Umspannwerk Mitterdorf im Mürztal (i.b.);;110000;;;St. Barbara im Mürztal;;414762597;way;plant;;;;photovoltaic;solar;;;;;;;;;;;9008,883063
MULTILINESTRING ((575006.937519187 5221463.2337118,562568.094884362 5230705.44060133));99730271;Umspannwerk Hohenbrugg;;;;;Bad Waltersdorf;;304180387;way;plant;;;;;;;;;;;;;;;;15496,55427
MULTILINESTRING ((580643.108531442 5211470.09655909,584649.606399565 5204300.90365881));99730272;Umspannwerk Fürstenfeld;;110000;;Energie Netze Steiermark GmbH;Fürstenfeld;;969542118;way;plant;;;;;;Heizwerk Loipersdorf;;;;;;;;;;8212,755446
MULTILINESTRING ((576502.046007298 5236981.60900068,567636.826717849 5244606.7176356));99731682;Umspannwerk St. Johann in der Haide;;110000;;;St. Johann in der Haide;;2993853557;node;generator;;;;;;;;;Feistritzwerke-Steweag GmbH;wind;2.30 MW;;;;;11693,34831
MULTILINESTRING ((552167.081226853 5243705.72257617,552219.396523912 5243754.3831943));99745003;Umspannwerk Birkfeld;;;;;Birkfeld;;180137841;way;plant;;;;;;Heizwerk;;;;;;;;;;71,44750565
MULTILINESTRING ((568454.410275682 5200106.95457989,579254.979672825 5198528.52233308));99755951;Umspannwerk Feldbach;;110000;;;Feldbach;;372862697;way;plant;;;yes;photovoltaic;solar;;;;;;;;;;;10915,29879
MULTILINESTRING ((568693.982948384 5190229.34138403,579254.979672825 5198528.52233308));99791175;Umspannwerk Merkendorf;;110000;;;Bad Gleichenberg;;372862697;way;plant;;;yes;photovoltaic;solar;;;;;;;;;;;13431,71829
MULTILINESTRING ((451023.37654603 5270839.72388142,454779.46671367 5270311.37139403));103387969;Umspannwerk Ardning;;110000;;;Ardning;;339343760;way;plant;;;;;wood;Biomasseheizwerk Frauenberg;;;ENVESTA;;;;;;;3793,068639
MULTILINESTRING ((524395.948204218 5237741.5934319,524421.683122352 5237715.97698756));103394555;Kraftwerk Laufnitzdorf;;110000;;Verbund Austrian Hydro Power AG;Frohnleiten;;831081763;way;plant;;;18 MW;run-of-the-river;hydro;Kraftwerk Laufnitzdorf;;;Verbund Hydro Power GmbH;;;;;;;36,31099327
MULTILINESTRING ((559794.104002251 5176473.13428604,548283.908078696 5175046.27600312));103401933;Umspannwerk Gosdorf;;;;;Mureck;;475224426;way;plant;;;;;;Fernwärmeheizwerk Straß;;;;;;;;;;11598,29879
MULTILINESTRING ((526334.513400467 5200332.90327156,526155.594431103 5201478.64784215));103774165;Umspannwerk Lieboch;;"110000;20000";;;Lieboch;;196123950;way;plant;;;;combustion;biomass;;;;;;;;;;;1159,63038
MULTILINESTRING ((526958.915274542 5189041.96986963,516664.813751387 5185121.3675941));103800075;Umspannwerk Preding;;;;;Wettmannstätten;;333044306;way;plant;;;;thermal;biomass;Biomasseheizwerk;;;;;;;;;;11015,42774
MULTILINESTRING ((546741.571000562 5219656.69833212,549012.905323624 5227889.04080916));103800082;Umspannwerk Eggersdorf bei Graz (i.b.);;;;;Eggersdorf bei Graz;;401842159;way;plant;;;;;;Fernwärmewerk;;;FERNWÄRME WEIZ G.M.B.H.;;;;;;;8539,931046
MULTILINESTRING ((524002.786677051 5236374.63743395,523596.632159189 5236623.6211997));103801374;Umspannwerk Frohnleiten;;;;;Frohnleiten;;3405380366;node;;;;;;;;;;;;;;;;;476,3973216
MULTILINESTRING ((531776.046521452 5209063.12242404,533617.008404539 5209688.01477668));110540215;Umspannwerk Graz-West (i.b.);;110000;;;Graz;;723980427;way;plant;;;17.7 MW;run-of-the-river;hydro;Kraftwerk Graz-Puntigam;Murkraftwerk Graz;;Verbund Hydro Power GmbH;;;;;;;1944,127338
MULTILINESTRING ((532473.12790896 5260755.28567293,529839.177419705 5263010.84984397));122849865;Umspannwerk Kindberg (i.b.);;110000;;;Kindberg;;374521856;way;plant;;;;photovoltaic;solar;;;;;;;;;;;3467,746373
MULTILINESTRING ((565702.361056541 5249634.55790994,567409.094635666 5244586.46473411));122942230;Umspannwerk Schachen;;;;;Vorau;;2993853533;node;generator;;;;;;;;;Feistritzwerke-Steweag GmbH;wind;2.30 MW;;;;;5328,807017
MULTILINESTRING ((547472.252591711 5173816.95920263,547471.144749886 5173843.74935006));127516438;Kraftwerk Spielfeld;;;;;Straß in Steiermark;;152306474;way;plant;;;13 MW;run-of-the-river;hydro;Kraftwerk Spielfeld;;;Verbund Hydro Power GmbH;;;;;;;26,81304371
MULTILINESTRING ((515686.013069374 5263077.55556678,516524.136246508 5262737.67483354));130382579;Umspannwerk Thörl (i.b.);;;;;Thörl;;402533816;way;plant;;;;;;;;;;;;;;;;904,4165926
MULTILINESTRING ((451716.820207072 5220285.97194909,456676.665186563 5215004.21717441));132457784;Umspannwerk Teufenbach;;;;;Teufenbach-Katsch;;447271324;way;plant;;;yes;;hydro;;;;;;;;;;;7245,481055
MULTILINESTRING ((531562.543578114 5215741.55545051,531092.466366224 5214271.28551526));146978108;Umspannwerk Graz Gösting/Nord;;"110000;20000";;;Graz;;232857429;way;plant;;;;;gas;Heizzentrale Waagner-Biro-Straße;;;Energie Graz;;;;14 MW;;;1543,588762
MULTILINESTRING ((555481.805501765 5192433.50594464,543175.271118584 5186212.09120303));152299025;Umspannwerk St. Stephan;;110000;;;St. Stefan im Rosental;;152304106;way;plant;;;15 MW;run-of-the-river;hydro;Kraftwerk Gralla;;;Verbund Hydro Power GmbH;;;;;;;13789,73495
MULTILINESTRING ((564061.411180497 5217798.3792225,562568.094884362 5230705.44060133));152303289;Umspannwerk Unterrettenbach/AWP;;;;;Sinabelkirchen;;304180387;way;plant;;;;;;;;;;;;;;;;12993,16078
MULTILINESTRING ((479029.758925229 5224561.01685572,478993.597209288 5224563.81765986));155385521;Kraftwerk Fisching;;;;;Weißkirchen in Steiermark;;30380114;way;plant;;;22 MW;run-of-the-river;hydro;Kraftwerk Fisching;;;Verbund Hydro Power GmbH;;;;;;;36,27001797
MULTILINESTRING ((545833.509161552 5195465.24705981,538364.072683981 5199012.50512065));160783280;Umspannwerk Feiting;;110000;;;Allerheiligen bei Wildon;;226685554;way;plant;;;19 MW;run-of-the-river;hydro;Kraftwerk Kalsdorf;;;Verbund Hydro Power GmbH;;;;;;;8268,94921
MULTILINESTRING ((492233.440152244 5265822.60752386,490580.643452955 5266333.00764281));174523999;Umspannwerk Eisenerz II;;;;STEWEAG;Eisenerz;;505660586;way;plant;;;;;;;;;;;;;;;;1729,810744
MULTILINESTRING ((581517.455736419 5253097.48890966,592167.658039562 5242099.75169567));195015816;Umspannwerk Pinggau;;110000;;;Pinggau;;515783286;way;plant;;;;;;Heizwerk Bad Tatzmannsdorf;;;Energie Burgenland;;;;3.4 MW;;;15309,37729
MULTILINESTRING ((536393.375529639 5210118.53690282,536079.010624442 5209550.69599398));210505516;Umspannwerk Messendorf;;110000;;;Graz;;777541823;way;plant;;;yes;photovoltaic;solar;HELIOS;;;Holding Graz - Kommunale Dienstleistungen GmbH;;;;;;;649,0520714
MULTILINESTRING ((506214.674108282 5246587.14021444,507175.374574758 5248356.15843868));228092022;Umspannwerk Leoben (i.b.);;;;;Leoben;;84505849;way;plant;;;10 MW;run-of-the-river;hydro;Wasserkraftwerk Leoben;;;Verbund Hydro Power GmbH;;;;;;;2013,050139
MULTILINESTRING ((573155.811806696 5174328.21801356,548283.908078696 5175046.27600312));321321455;Umspannwerk Halbenrain (i.b.);;110000;;;Halbenrain;;475224426;way;plant;;;;;;Fernwärmeheizwerk Straß;;;;;;;;;;24882,26682
MULTILINESTRING ((468997.590382546 5229036.96292286,470773.954394616 5228749.06872244));328978916;Umspannwerk Pöls (i.b.);;;;;Pöls-Oberkurzheim;;189591468;way;plant;;;2 MW;run-of-the-river;hydro;Kraftwerk Pöls;;;Verbund Hydro Power GmbH;;;;;;;1799,542212
MULTILINESTRING ((481262.167439586 5277505.52053498,481232.222687882 5277510.19189615));342158235;Kraftwerk Landl;;;;;Landl;;342158239;way;plant;;;25 MW;run-of-the-river;hydro;Kraftwerk Landl;;;Verbund Hydro Power GmbH;;;;;;;30,3069261
MULTILINESTRING ((516131.215219304 5250757.52834795,516157.337637441 5250791.88594489));376315134;Kraftwerk Dionysen;;;;;Bruck an der Mur;;173058876;way;plant;;;16 MW;run-of-the-river;hydro;Kraftwerk Dionysen;;;Verbund Hydro Power GmbH;;;;;;;43,16045872
MULTILINESTRING ((525548.213481174 5245486.31539717,525211.041580264 5245766.60187631));707399017;Umspannwerk Pernegg an er Mur (i.b.);;;;;Pernegg an der Mur;;97097992;way;plant;;;26 MW;run-of-the-river;hydro;Kraftwerk Pernegg;Ausleitungskraftwerk Pernegg;;Verbund Hydro Power GmbH;;;;;;;438,4579811
MULTILINESTRING ((512122.327746346 5207225.28682214,512160.770608551 5207215.37436928));41970883;Kraftwerk Arnstein;Austrian Hydro Power AG;30 MW;;Kraftwerk Arnstein;Krottendorf-Gaisfeld;;229192640;way;plant;;;30 MW;water-storage;hydro;Kraftwerk Arnstein;;;Verbund Hydro Power GmbH;;;;;;;39,70025663
MULTILINESTRING ((279889.491702928 5267354.07606647,280748.359378717 5266552.83849327));23899163;;substation;;"220000;110000";Umspannwerk Kirchbichl;Kirchbichl;;105080865;way;plant;;;19.3 MW;run-of-the-river;hydro;Kraftwerk Kirchbichl;;;Tiroler Wasserkraft AG;;;;;;;1174,57879
MULTILINESTRING ((232355.655329337 5220437.2334971,231771.916677097 5224073.84876609));42352281;TIWAG-Netz AG;substation;;110000;Umspannwerk Steinach;Steinach am Brenner;;136143715;way;plant;;;;run-of-the-river;hydro;KW Navisbach;;;;;;;;;;3683,167309
MULTILINESTRING ((316637.319342671 5199486.82927833,315562.923309903 5200075.47197507));85699549;;substation;;110000;UW Kienburg;Matrei in Osttirol;;2444956358;node;generator;;;;;;;;;;hydro;yes;;;;;1225,082471
MULTILINESTRING ((285521.80619814 5273441.60001921,284841.720781885 5271392.80404575));94406313;;substation;;110000;Umspannwerk Kufstein;Langkampfen;;2339925998;node;;;;;;;;;;;;;;;;;2158,722102
MULTILINESTRING ((284936.271525542 5259923.81115707,282737.676587957 5263075.89055049));94452460;;substation;;110000;Umspannwerk Hopfgarten;Hopfgarten im Brixental;;141394723;way;plant;;;2.7 MW;;hydro;KW Bruckhäusl;;;TIWAG;;;;;;;3843,100858
MULTILINESTRING ((272025.542766025 5261541.84139136,280050.739893369 5266029.30267252));94514064;TIWAG-Netz AG;substation;;110000;Umspannwerk Kundl;Kundl;;880516680;way;plant;;;;run-of-the-river;hydro;Kraftwerk Kirchbichl Dotieranlage;;;Tiroler Wasserkraft AG;;;;;;;9194,623303
MULTILINESTRING ((175917.97334348 5237591.53121288,176030.177642358 5237621.34950634));100872499;;substation;;110000;110kV Freischaltanlage;Imsterberg;;8073569;relation;plant;;;89 MW;run-of-the-river;hydro;Kraftwerk Imst;;;TIWAG;;;;;;;116,098817
MULTILINESTRING ((332640.43648021 5188061.46138136,331161.21313127 5188686.55309934));162826525;Austrian Power Grid AG;substation;;"220000;110000";Umspannwerk Lienz;Lienz;;596492156;way;plant;;;;;;;;;;;;;;;;1605,877135
MULTILINESTRING ((158562.1639262 5228221.11320397,156642.422780247 5228555.10096266));580543598;TiNetz;substation;industrial;"110000;25000";UW Tobadill;Tobadill;;456618423;way;plant;;;yes;run-of-the-river;hydro;Wasserkraft Stanzertal;;;Gemeindeverband Stanzertal;;;;;;;1948,577402
MULTILINESTRING ((233115.408958851 5241525.43395103,235139.875284842 5241614.38912618));24768685;TIWAG-Netz AG;substation;;"220000;110000";Umspannwerk Thaur;Thaur;;1057424597;way;plant;;;;;biomass;Biomasseheizkraftwerk Hall in Tirol;;;;;;;yes;;;2026,419732
MULTILINESTRING ((179805.436860635 5268787.09566301,175072.070456191 5275705.24478483));26703085;;substation;;110000;Umspannwerk Breitenwang (i.b.);Breitenwang;;718307669;way;plant;;;12.3 MW;run-of-the-river;hydro;Wasserkraftwerk Weißhaus;;;Elektrizitätswerke Reutte;;;;;;;8382,45458
MULTILINESTRING ((229885.650399564 5241520.3342854,228352.20562471 5242629.89067499));30840698;;substation;;110000;Umspannwerk Innsbruck-Ost;Innsbruck;;775688794;way;plant;;;964 kW;;hydro;Naturstrom Mühlau;;;Naturstrom Mühlau GmbH;;;;;;;1892,767355
MULTILINESTRING ((201891.028516555 5245237.25017945,196527.048966081 5243642.17964358));30884137;;substation;;110000;Umspannwerk Rietz;Rietz;;194533837;way;plant;;;;;;Biomasseheizwerk Stams;;;;;;;;;;5596,117103
MULTILINESTRING ((227124.154691333 5239512.50040655,228352.20562471 5242629.89067499));32674497;TIWAG;substation;;110000;Umspannwerk Wilten;Innsbruck;;775688794;way;plant;;;964 kW;;hydro;Naturstrom Mühlau;;;Naturstrom Mühlau GmbH;;;;;;;3350,556846
MULTILINESTRING ((289761.240262469 5280198.07788483,289608.356895577 5280240.92963317));83500268;;substation;;;Umspannwerk Wasserkraftwerk Oberaudorf-Ebbs (i.b.);Niederndorf;;83231884;way;plant;;;59 MW;run-of-the-river;hydro;Wasserkraftwerk Oberaudorf-Ebbs;;;Österreichisch-Bayerische Kraftwerke AG;;;;;;;158,775301
MULTILINESTRING ((189823.376323836 5255227.05679684,195007.473163895 5243010.40773551));84622128;EWR;substation;;;Umspannwerk Biberwier;Biberwier;;156316489;way;plant;;;500 MW;water-storage;hydro;Kraftwerk Silz;;;TIWAG;;;;;;;13271,07284
MULTILINESTRING ((261436.853541757 5253621.10203438,262769.464612713 5247720.98929706));84789829;;substation;;220000;Schaltwerk Strass;Schlitters;;964517529;way;plant;;;;;;Biomasseheizwerk Binderholz;;;;;;;yes;;;6048,733965
MULTILINESTRING ((311322.094171908 5212131.76462445,315564.60865042 5200082.94703356));85699520;TIWAG;substation;;110000;UW Gruben;Matrei in Osttirol;;152469117;way;plant;;;9.9 MW;run-of-the-river;hydro;Kraftwerk Schwarzach;;;TIWAG;;;;;;;12773,91617
MULTILINESTRING ((317362.636820122 5199395.64236732,315562.923309903 5200075.47197507));85703086;TIWAG;substation;;110000;KW Kalserbach;Kals am Großglockner;;2444956358;node;generator;;;;;;;;;;hydro;yes;;;;;1923,833936
MULTILINESTRING ((262886.15072973 5249563.93402539,262769.464612713 5247720.98929706));89425769;TIWAG;substation;;110000;Umspannwerk Fügen;Fügen;;964517529;way;plant;;;;;;Biomasseheizwerk Binderholz;;;;;;;yes;;;1846,635027
MULTILINESTRING ((294074.198805522 5280500.42022514,289608.356895577 5280240.92963317));94232595;;substation;;110000;Umspannwerk Ebbs;Ebbs;;83231884;way;plant;;;59 MW;run-of-the-river;hydro;Wasserkraftwerk Oberaudorf-Ebbs;;;Österreichisch-Bayerische Kraftwerke AG;;;;;;;4473,37449
MULTILINESTRING ((305662.479878842 5265742.71562897,308380.192729002 5264504.91368153));94505943;;substation;;110000;Umspannwerk St. Johann;St. Johann in Tirol;;121123522;way;plant;;;191 kW;;hydro;Wasserkraftwerk Reintalquelle;;;Marktgemeinde St. Johann in Tirol;;;;;;;2986,321616
MULTILINESTRING ((294381.970894887 5267146.88355091,284841.720781885 5271392.80404575));94552553;;substation;;110000;Umspannwerk Ellmau;Ellmau;;2339925998;node;;;;;;;;;;;;;;;;;10442,42372
MULTILINESTRING ((321484.487608143 5260171.60353426,328523.216410828 5269837.84338831));94790504;;substation;;110000;Umspannwerk Hochfilzen;Hochfilzen;;117870492;way;plant;;;;;hydro;;;;;;;;;;;11957,42013
MULTILINESTRING ((187768.034554493 5240588.40410562,195007.473163895 5243010.40773551));95812161;Austrian Power Grid AG;substation;;"380000;220000;110000";APG Umspannwerk Westtirol;Haiming;;156316489;way;plant;;;500 MW;water-storage;hydro;Kraftwerk Silz;;;TIWAG;;;;;;;7633,843918
MULTILINESTRING ((303252.223421196 5259181.14481888,308380.192729002 5264504.91368153));99841738;;substation;;;Umspannwerk Kitzbühel;Kitzbühel;;121123522;way;plant;;;191 kW;;hydro;Wasserkraftwerk Reintalquelle;;;Marktgemeinde St. Johann in Tirol;;;;;;;7391,791672
MULTILINESTRING ((187365.77660181 5240450.69450492,195007.473163895 5243010.40773551));100404264;TIWAG;substation;;110000;Tiwag Umspannwerk Ötztal;Haiming;;156316489;way;plant;;;500 MW;water-storage;hydro;Kraftwerk Silz;;;TIWAG;;;;;;;8059,010992
MULTILINESTRING ((196776.104703237 5210928.51721686,197512.661333645 5235981.93877822));100409307;TIWAG;substation;;110000;Umspannwerk Sölden;Sölden;;156083802;way;plant;;;289 MW;water-pumped-storage;hydro;Kraftwerk Kühtai;;;TIWAG;;;;;;;25064,2464
MULTILINESTRING ((170910.688142686 5222000.04289397,170846.39194694 5221766.4019027));100602290;;substation;;"220000;110000";Umspannwerk Prutz;Prutz;;740549285;way;plant;;;392 MW;water-storage;hydro;Kraftwerk Prutz;Kaunertalkraftwerk;;TIWAG;;;;;;;242,3264608
MULTILINESTRING ((144636.086167374 5231942.64989408,152300.428266379 5231098.59727985));100619811;;substation;;110000;Umspannwerk Sankt Jakob;St. Anton am Arlberg;;952489781;way;plant;;;;;hydro;;;;;;;;;;;7710,67861
MULTILINESTRING ((163683.984437627 5230595.80189101,166758.282673397 5227350.93382262));102601926;TIWAG;substation;;110000;Umspannwerk Landeck;Landeck;;165712391;way;plant;;;;;hydro;Kraftwerk Urgbach;;;;;;;;;;4469,952844
MULTILINESTRING ((280722.575313024 5266536.61016587,280748.359378717 5266552.83849327));105080874;;substation;;110000;Kraftwerk Kirchbichl (i.b.);Kirchbichl;;105080865;way;plant;;;19.3 MW;run-of-the-river;hydro;Kraftwerk Kirchbichl;;;Tiroler Wasserkraft AG;;;;;;;30,46599176
MULTILINESTRING ((221048.547501661 5240510.86658091,228352.20562471 5242629.89067499));106098365;TIWAG;substation;;110000;Umspannwerk Völs;Völs;;775688794;way;plant;;;964 kW;;hydro;Naturstrom Mühlau;;;Naturstrom Mühlau GmbH;;;;;;;7604,846158
MULTILINESTRING ((235156.117778468 5241651.09149436,235139.875284842 5241614.38912618));121265317;TIWAG-Netz AG;substation;;110000;Umspannwerk Hall;Hall in Tirol;;1057424597;way;plant;;;;;biomass;Biomasseheizkraftwerk Hall in Tirol;;;;;;;yes;;;40,13579984
MULTILINESTRING ((226958.550058888 5237742.9321219,227157.26500514 5235396.84064819));145583866;TIWAG;substation;;110000;Umspannwerk Vill;Innsbruck;;922738129;way;plant;;;;;;;;;IKB AG;;;;;;;2354,492054
MULTILINESTRING ((213733.375500649 5243144.303752,212694.277818213 5249340.34845298));147563007;TIWAG;substation;;110000;Umspannwerk Zirl;Zirl;;771677098;way;plant;;;;combustion;biomass;Ortswärme Seefeld;;;Ortswärme Seefeld GmbH;;;;;;*;6282,570647
MULTILINESTRING ((250833.806394604 5249605.00223491,248953.725144239 5246722.37141362));151010933;;substation;;110000;Umspannwerk Schwaz;Vomp;;252379327;way;plant;;;;;hydro;Kraftwerk Vomperbach Unterstufe;;;;;;;;;;3441,549936
MULTILINESTRING ((265176.262490773 5235805.82192859,265251.136547642 5235813.03664385));156973414;Austrian Power Grid AG;substation;;"380000;220000;110000";Umspannwerk Zell am Ziller;Rohrberg;;7683614149;node;;;;;;;;;;;;;;;;;75,22085155
MULTILINESTRING ((294666.79344923 5259683.10379237,282737.676587957 5263075.89055049));156990742;TIWAG-Netz AG;substation;;110000;Umspannwerk Brixen;Brixen in Tirol;;141394723;way;plant;;;2.7 MW;;hydro;KW Bruckhäusl;;;TIWAG;;;;;;;12402,21073
MULTILINESTRING ((333701.680962457 5188461.61650299,334238.402084095 5189822.20429336));162834614;Tiwag Netz AG;substation;;;Tiwag Netz AG Umspannwerk Debant;Nußdorf-Debant;;152310969;way;plant;;;1640 kW;run-of-the-river;hydro;KW Debant 1 Unterstufe;;;TIWAG;hydro;;;;;;1462,623908
MULTILINESTRING ((313503.984418098 5205720.08281869,315564.60865042 5200082.94703356));236771754;;substation;;;UW Matrei;Matrei in Osttirol;;152469117;way;plant;;;9.9 MW;run-of-the-river;hydro;Kraftwerk Schwarzach;;;TIWAG;;;;;;;6001,955689
MULTILINESTRING ((242605.757109609 5244004.2778602,237014.064765227 5245028.30321343));312113570;;substation;;;Kraftwerk Haim;Wattens;;147246923;way;plant;;;;photovoltaic;solar;;;;;;;;;;;5684,685673
MULTILINESTRING ((263635.105022027 5258139.18811317,255344.505355247 5253377.45145238));485429676;TIWAG;substation;;110000;Umspannwerk Kramsach;Kramsach;;878661844;way;plant;;;yes;photovoltaic;solar;;;;;;;;;;;9560,762462
MULTILINESTRING ((328282.063498463 5185568.76501211,328282.063928689 5185568.76481053));163096581;;TIWAG;run-of-the-river;;Kraftwerk Amlach (i.b.);Leisach;;163096581;way;plant;;;60 MW;run-of-the-river;hydro;KW Amlach;;;TIWAG;;;;;;;0,00047511
MULTILINESTRING ((255248.660516804 5253525.58211617,255244.41439314 5253520.01584468));30880774;;TIWAG;water-storage;;Achenseekraftwerk (i.b.);Jenbach;;30880774;way;plant;;;79 MW;water-storage;hydro;Achenseekraftwerk;;;TIWAG;;;;;;;7,000924544
MULTILINESTRING ((259912.025561335 5226911.21124978,259902.322457973 5226905.83387346));99858973;;Austrian Hydro Power AG;run-of-the-river;;Kraftwerk Bösdornau (i.b.);Finkenberg;;99858973;way;plant;;;25 MW;water-storage;hydro;Kraftwerk Bösdornau;;;Verbund Hydro Power GmbH;;;;;;;11,09352924
MULTILINESTRING ((94442.1698515025 5243777.31797934,96308.6367859325 5241063.54462438));32293834;;;substation;;;Frastanz;;31428153;way;plant;;;94 MW;water-storage;hydro;Walgaukraftwerk;;;illwerke vkw;;;;;;;3293,67039
MULTILINESTRING ((112187.903122863 5270471.01383517,112703.536216982 5270259.78436307));40641599;;Vorarlberger Energienetze GmbH;substation;;;Alberschwende;;128754334;way;plant;;;30 MW;water-storage;hydro;Kraftwerk Alberschwende;;;illwerke vkw;;;;;;;557,221121
MULTILINESTRING ((91295.141978807 5254089.44872051,96308.6367859325 5241063.54462438));61108302;Meiningen;Vorarlberger Energienetze GmbH;substation;;;Meiningen;;31428153;way;plant;;;94 MW;water-storage;hydro;Walgaukraftwerk;;;illwerke vkw;;;;;;;13957,41049
MULTILINESTRING ((101639.52715578 5266791.82923229,103811.405504549 5272786.29164402));83529203;;Vorarlberger Energienetze GmbH;substation;;;Dornbirn;;124212273;way;plant;;;800 kW;run-of-the-river;hydro;Kraftwerk Rieden;;;Vorarlberger Kraftwerke AG;;;;;;;6375,785063
MULTILINESTRING ((97412.429109168 5270519.12357033,103811.405504549 5272786.29164402));93044006;;Vorarlberger Energienetze GmbH;substation;;;Höchst;;124212273;way;plant;;;800 kW;run-of-the-river;hydro;Kraftwerk Rieden;;;Vorarlberger Kraftwerke AG;;;;;;;6788,736995
MULTILINESTRING ((93509.3718831871 5252987.25347897,96308.6367859325 5241063.54462438));100478972;Weiler;Vorarlberger Energienetze GmbH;substation;;;Weiler;;31428153;way;plant;;;94 MW;water-storage;hydro;Walgaukraftwerk;;;illwerke vkw;;;;;;;12247,88622
MULTILINESTRING ((106588.265705494 5234092.51832373,108909.374410578 5233047.18866125));101997887;;Vorarlberger Illwerke AG;substation;;;Bürs;;223600119;way;plant;;;3 MW;water-storage;hydro;Alfenzwerk;;;Alfenzwerke Elektrizitätserzeugung GmbH;;;;;;;2545,635426
MULTILINESTRING ((107059.52771946 5235060.70106676,108909.374410578 5233047.18866125));102699327;;Vorarlberger Energienetze GmbH;substation;;;Bürs;;223600119;way;plant;;;3 MW;water-storage;hydro;Alfenzwerk;;;Alfenzwerke Elektrizitätserzeugung GmbH;;;;;;;2734,257667
MULTILINESTRING ((90274.6301167711 5247418.98779354,96308.6367859325 5241063.54462438));114715432;;Vorarlberger Energienetze GmbH;substation;;;Feldkirch;;31428153;way;plant;;;94 MW;water-storage;hydro;Walgaukraftwerk;;;illwerke vkw;;;;;;;8763,611947
MULTILINESTRING ((103587.997544169 5272725.64868818,103811.405504549 5272786.29164402));114873634;;Illwerke VKW;substation;;;Bregenz;;124212273;way;plant;;;800 kW;run-of-the-river;hydro;Kraftwerk Rieden;;;Vorarlberger Kraftwerke AG;;;;;;;231,4922998
MULTILINESTRING ((113528.73322546 5262501.52973154,113500.496568508 5262699.88356323));116018035;;;substation;;;Andelsbuch;;128747733;way;plant;;;15.1 MW;water-storage;hydro;Kraftwerk Andelsbuch;;;illwerke vkw;;;;;;;200,3535658
MULTILINESTRING ((137371.041977799 5256817.90555157,124958.733420339 5250401.30864722));118248006;;;substation;;;Mittelberg;;206426077;way;plant;;;40 kW;run-of-the-river;hydro;Kleinwasserkraftwerk Schoppernau;;;Vorarlberger Kraftwerke AG;;;;;;;13972,76349
MULTILINESTRING ((99553.980663303 5239987.44775153,99795.7899369674 5240488.25986228));119687430;;;substation;;;Nenzing;;979696935;way;plant;;;yes;;hydro;;;;;;;;;;;556,1335227
MULTILINESTRING ((98500.5409907522 5267268.35835577,103811.405504549 5272786.29164402));123173012;;Vorarlberger Energienetze GmbH;substation;;;Lustenau;;124212273;way;plant;;;800 kW;run-of-the-river;hydro;Kraftwerk Rieden;;;Vorarlberger Kraftwerke AG;;;;;;;7658,516152
MULTILINESTRING ((111480.573594751 5227275.14724356,111517.509637869 5227339.18547064));123174725;;Vorarlberger Illwerke AG;substation;;;Vandans;;122134168;way;plant;;;198 MW;water-pumped-storage;hydro;Rodundwerk I;;;Vorarlberger Illwerke AG;;;;;;;73,92675976
MULTILINESTRING ((123909.868142998 5213600.0011189,123977.049795505 5213566.32154025));123175366;;;substation;;;Gaschurn;;740953103;way;plant;;;156 MW;water-storage;hydro;Vermuntwerk;;de:Illwerke vkw;illwerke vkw;;;;;;;75,15110413
MULTILINESTRING ((104042.79720888 5266653.24734656,103811.405504549 5272786.29164402));123384821;;Vorarlberger Energienetze GmbH;substation;;;Dornbirn;;124212273;way;plant;;;800 kW;run-of-the-river;hydro;Kraftwerk Rieden;;;Vorarlberger Kraftwerke AG;;;;;;;6137,407798
MULTILINESTRING ((97526.4452330003 5259685.11649972,105751.320507796 5260423.36989928));123689023;;Vorarlberger Energienetze GmbH;substation;;;Hohenems;;96733014;way;plant;;;1.8 MW;run-of-the-river;hydro;Kraftwerk Ebensand;;de:Illwerke vkw;illwerke vkw;;;;;;;8257,941109
MULTILINESTRING ((122996.358357495 5214267.47452625,122965.620197178 5214316.20585752));127677864;;;substation;outdoor;;Gaschurn;;206376438;way;plant;;;7 MW;water-pumped-storage;hydro;Rifawerk;;de:Illwerke vkw;illwerke vkw;;;;;;;57,61577169
MULTILINESTRING ((114055.990464401 5225360.2614728,113958.410173197 5225127.91132672));129643773;;Vorarlberger Energienetze GmbH;substation;;;Tschagguns;;127731643;way;plant;;;9.9 MW;run-of-the-river;hydro;Kraftwerk Unterstufe Gampadels;;;Vorarlberger Kraftwerke AG;;;;;;;252,0089356
MULTILINESTRING ((94316.3420771704 5256328.34192977,105751.320507796 5260423.36989928));169361887;;Vorarlberger Energienetze GmbH;substation;;;Götzis;;96733014;way;plant;;;1.8 MW;run-of-the-river;hydro;Kraftwerk Ebensand;;de:Illwerke vkw;illwerke vkw;;;;;;;12146,1099
MULTILINESTRING ((100219.419356841 5272217.49408575,103811.405504549 5272786.29164402));362660200;;Vorarlberger Energienetze GmbH;substation;;;Hard;;124212273;way;plant;;;800 kW;run-of-the-river;hydro;Kraftwerk Rieden;;;Vorarlberger Kraftwerke AG;;;;;;;3636,742381
MULTILINESTRING ((123977.049500266 5213566.3211005,123977.049795505 5213566.32154025));740953103;;Vorarlberger Illwerke AG;water-storage;;;Gaschurn;;740953103;way;plant;;;156 MW;water-storage;hydro;Vermuntwerk;;de:Illwerke vkw;illwerke vkw;;;;;;;0,000529661
