WKT;full_id;osm_id;osm_type;generator_;generato_1;generato_2;generato_3;power;ref;generato_4;barrier;name;ele;plant_sour;access;constructi;height;operator;entrance;waterway;proposed;plant_meth;plant_outp;disused;man_made;location_t;marker;mount;pipeline_r;position;substance;utility;start_date;website;wikidata;maxheight;maxwidth;construc_1;height_hub;manufactur;manufact_1;rotor_diam;amenity;hiking;informatio;map_size;map_type;tourism;frequency;voltage;camera_ang;camera_dir;camera_mou;camera_typ;operator_t;surveillan;surveill_1;surveill_2
POINT (16.8891621 47.9441206);n293944707;293944707;node;wind_turbine;Enercon E-66/18.70;1.8 MW;wind;generator;WE13;;;;;;;;;;;;;;;;;;;;;;;;;;;;;;;;;;;;;;;;;;;;;;;;;
POINT (16.7694893 48.059734);n332236271;332236271;node;wind_turbine;Enercon E-40/600;0.6 MW;wind;generator;;horizontal_axis;;;;;;;;;;;;;;;;;;;;;;;;;;;;;;;;;;;;;;;;;;;;;;;;
POINT (16.7677342 48.0566424);n332238844;332238844;node;wind_turbine;Enercon E-40/600;0.6 MW;wind;generator;;horizontal_axis;;;;;;;;;;;;;;;;;;;;;;;;;;;;;;;;;;;;;;;;;;;;;;;;
POINT (16.7663753 48.0618406);n332240672;332240672;node;wind_turbine;Enercon E-66/1800;1.8 MW;wind;generator;;horizontal_axis;;;;;;;;;;;;;;;;;;;;;;;;;;;;;;;;;;;;;;;;;;;;;;;;
POINT (13.9485966 47.4338187);n337583240;337583240;node;;;;;;;;gate;;;;;;;;;;;;;;;;;;;;;;;;;;;;;;;;;;;;;;;;;;;;;;;
POINT (16.8741524 47.966198);n420286993;420286993;node;wind_turbine;Enercon E-66/18.70;1.8 MW;wind;generator;ND1;horizontal_axis;;;;;;;;;;;;;;;;;;;;;;;;;;;;;;;;;;;;;;;;;;;;;;;;
POINT (16.8781198 47.9667391);n420286994;420286994;node;wind_turbine;Enercon E-66/18.70;1.8 MW;wind;generator;ND2;horizontal_axis;;;;;;;;;;;;;;;;;;;;;;;;;;;;;;;;;;;;;;;;;;;;;;;;
POINT (16.8755308 47.9630172);n420286995;420286995;node;wind_turbine;Enercon E-66/18.70;1.8 MW;wind;generator;ND3;horizontal_axis;;;;;;;;;;;;;;;;;;;;;;;;;;;;;;;;;;;;;;;;;;;;;;;;
POINT (16.8794867 47.9638344);n420286996;420286996;node;wind_turbine;Enercon E-66/18.70;1.8 MW;wind;generator;ND4;horizontal_axis;;;;;;;;;;;;;;;;;;;;;;;;;;;;;;;;;;;;;;;;;;;;;;;;
POINT (16.8871307 47.9617285);n420286998;420286998;node;wind_turbine;Enercon E-66/18.70;1.8 MW;wind;generator;ND8;horizontal_axis;;;;;;;;;;;;;;;;;;;;;;;;;;;;;;;;;;;;;;;;;;;;;;;;
POINT (16.8837515 47.9590218);n420287000;420287000;node;wind_turbine;Enercon E-66/18.70;1.8 MW;wind;generator;ND7;horizontal_axis;;;;;;;;;;;;;;;;;;;;;;;;;;;;;;;;;;;;;;;;;;;;;;;;
POINT (16.9000625 47.9422578);n420287030;420287030;node;wind_turbine;Enercon E-66/18.70;1.8 MW;wind;generator;WE23;horizontal_axis;;;;;;;;;;;;;;;;;;;;;;;;;;;;;;;;;;;;;;;;;;;;;;;;
POINT (16.8954579 47.9437821);n420287032;420287032;node;;Enercon E-66/18.70;1.8 MW;wind;generator;WE12;;;;;;;;;;;;;;;;;;;;;;;;;;;;;;;;;;;;;;;;;;;;;;;;;
POINT (16.8926851 47.9413351);n420287036;420287036;node;wind_turbine;Enercon E-66/18.70;1.8 MW;wind;generator;WE14;horizontal_axis;;;;;;;;;;;;;;;;;;;;;;;;;;;;;;;;;;;;;;;;;;;;;;;;
POINT (16.9925183 47.9672351);n420538291;420538291;node;wind_turbine;Windtec 1566;1.5 MW;wind;generator;;horizontal_axis;;Rudi;;;;;;;;;;;;;;;;;;;;;;;;;;;;;;;;;;;;;;;;;;;;;;
POINT (14.0031575 48.4876658);n428867503;428867503;node;;;;;;;;lift_gate;;;;;;;;;;;;;;;;;;;;;;;;;;;;;;;;;;;;;;;;;;;;;;;
POINT (16.9821332 47.9682551);n480152032;480152032;node;;Enercon E-82;;wind;generator;;;;;;;;;;;;;;;;;;;;;;;;;;;;;;;;;;;;;;;;;;;;;;;;;;
POINT (16.9865434 47.9660694);n480152034;480152034;node;;Enercon E-70/2000;2.0 MW;wind;generator;ZN3;;;;;;;;;;;;;;;;;;;;;;;;;;;;;;;;;;;;;;;;;;;;;;;;;
POINT (16.9850261 47.9710004);n480152038;480152038;node;;Enercon E-82;;wind;generator;;;;;;;;;;;;;;;;;;;;;;;;;;;;;;;;;;;;;;;;;;;;;;;;;;
POINT (16.9779248 47.9704149);n480152039;480152039;node;;Enercon E-70/2000;2.0 MW;wind;generator;ZN2;;;;;;;;;;;;;;;;;;;;;;;;;;;;;;;;;;;;;;;;;;;;;;;;;
POINT (16.9839285 47.9741228);n480152040;480152040;node;;Enercon E-70/2000;2.0 MW;wind;generator;ZN1;;;;;;;;;;;;;;;;;;;;;;;;;;;;;;;;;;;;;;;;;;;;;;;;;
POINT (14.0318337 46.5226794);n560619124;560619124;node;;;;;plant;;;;Kraftwerk Bärental Matsching;616;hydro;;;;;;;;;;;;;;;;;;;;;;;;;;;;;;;;;;;;;;;;;;;;
POINT (15.7138551 48.3297291);n574973872;574973872;node;;;;;;;;gate;;;;private;;;;;;;;;;;;;;;;;;;;;;;;;;;;;;;;;;;;;;;;;;;
POINT (16.6491089 48.2817164);n599966722;599966722;node;;Enercon E-66;1.8 MW;wind;generator;;;;;;;;;;;;;;;;;;;;;;;;;;;;;;;;;;;;;;;;;;;;;;;;;;
POINT (16.6495549 48.2834727);n599966723;599966723;node;;Enercon E-66;1.8 MW;wind;generator;;;;;;;;;;;;;;;;;;;;;;;;;;;;;;;;;;;;;;;;;;;;;;;;;;
POINT (15.4629409 48.1713219);n671191566;671191566;node;wind_turbine;Enercon E66/1800;1.8 MW;wind;generator;;wind_turbine;;;;;;2000;65;;;;;;;;;;;;;;;;;;;;;;;;;;;;;;;;;;;;;;;;;
POINT (15.4643101 48.16957);n671191568;671191568;node;wind_turbine;Enercon E66/1800;1.8 MW;wind;generator;;wind_turbine;;;;;;2000;65;;;;;;;;;;;;;;;;;;;;;;;;;;;;;;;;;;;;;;;;;
POINT (15.4586153 48.1750285);n671206641;671206641;node;wind_turbine;Enercon E66/1800;1.8 MW;wind;generator;;wind_turbine;;;;;;2004;86;WIH Windpark GmbH&CoKG;;;;;;;;;;;;;;;;;;;;;;;;;;;;;;;;;;;;;;;;
POINT (15.4535999 48.1751658);n671206643;671206643;node;wind_turbine;Enercon E66/1800;1.8 MW;wind;generator;;;;;;;;2004;86;WIH Windpark GmbH&CoKG;;;;;;;;;;;;;;;;;;;;;;;;;;;;;;;;;;;;;;;;
POINT (15.4485649 48.1753987);n671206644;671206644;node;wind_turbine;Enercon E66/1800;1.8 MW;wind;generator;;wind_turbine;;;;;;2004;86;WIH Windpark GmbH&CoKG;;;;;;;;;;;;;;;;;;;;;;;;;;;;;;;;;;;;;;;;
POINT (15.4438446 48.1782202);n671207826;671207826;node;wind_turbine;Enercon E66/1800;1.8 MW;wind;generator;;wind_turbine;;;;;;2004;86;WIH Windpark GmbH&CoKG;;;;;;;;;;;;;;;;;;;;;;;;;;;;;;;;;;;;;;;;
POINT (15.440221 48.1783313);n671207827;671207827;node;wind_turbine;Enercon E66/1800;1.8 MW;wind;generator;;wind_turbine;;;;;;2004;86;WIH Windpark GmbH&CoKG;;;;;;;;;;;;;;;;;;;;;;;;;;;;;;;;;;;;;;;;
POINT (15.4365669 48.1787706);n671207828;671207828;node;wind_turbine;Enercon E66/1800;1.8 MW;wind;generator;;wind_turbine;;;;;;2004;86;WIH Windpark GmbH&CoKG;;;;;;;;;;;;;;;;;;;;;;;;;;;;;;;;;;;;;;;;
POINT (15.432246 48.1789895);n671207829;671207829;node;wind_turbine;Enercon E66/1800;1.8 MW;wind;generator;;wind_turbine;;;;;;2004;86;WIH Windpark GmbH&CoKG;;;;;;;;;;;;;;;;;;;;;;;;;;;;;;;;;;;;;;;;
POINT (16.6341691 48.3486428);n942627048;942627048;node;;Vestas V 90;2.0 MW;wind;generator;;;;;;;;;;;;;;;;;;;;;;;;;;;;;;;;;;;;;;;;;;;;;;;;;;
POINT (16.63319 48.3440555);n942627050;942627050;node;;Vestas V 90;2.0 MW;wind;generator;;;;;;;;;;;;;;;;;;;;;;;;;;;;;;;;;;;;;;;;;;;;;;;;;;
POINT (16.6320689 48.3406281);n942627057;942627057;node;;Vestas V 90;2.0 MW;wind;generator;;;;;;;;;;;;;;;;;;;;;;;;;;;;;;;;;;;;;;;;;;;;;;;;;;
POINT (16.6451614 48.3427383);n942627059;942627059;node;;Vestas V 90;2.0 MW;wind;generator;;;;;;;;;;;;;;;;;;;;;;;;;;;;;;;;;;;;;;;;;;;;;;;;;;
POINT (16.6445026 48.3474627);n942627060;942627060;node;;Vestas V 90;2.0 MW;wind;generator;;;;;;;;;;;;;;;;;;;;;;;;;;;;;;;;;;;;;;;;;;;;;;;;;;
POINT (16.6521874 48.3519894);n942627520;942627520;node;;Vestas V 90;2.0 MW;wind;generator;;;;;;;;;;;;;;;;;;;;;;;;;;;;;;;;;;;;;;;;;;;;;;;;;;
POINT (16.6651812 48.3526395);n942627521;942627521;node;;Vestas V 90;2.0 MW;wind;generator;;;;;;;;;;;;;;;;;;;;;;;;;;;;;;;;;;;;;;;;;;;;;;;;;;
POINT (16.6547867 48.3460165);n942627523;942627523;node;;Vestas V 90;2.0 MW;wind;generator;;;;;;;;;;;;;;;;;;;;;;;;;;;;;;;;;;;;;;;;;;;;;;;;;;
POINT (16.9292373 48.0669718);n960303994;960303994;node;wind_turbine;Enercon E-66/1800;1.8 MW;wind;generator;;horizontal_axis;;;;;;;;;;;;;;;;;;;;;;;;;;;;;;;;;;;;;;;;;;;;;;;;
POINT (16.9248692 48.0592445);n960304024;960304024;node;wind_turbine;Enercon E-66/1800;1.8 MW;wind;generator;;horizontal_axis;;;;;;;;;;;;;;;;;;;;;;;;;;;;;;;;;;;;;;;;;;;;;;;;
POINT (16.9228995 48.0572952);n960304040;960304040;node;wind_turbine;Enercon E-66/1800;1.8 MW;wind;generator;;horizontal_axis;;;;;;;;;;;;;;;;;;;;;;;;;;;;;;;;;;;;;;;;;;;;;;;;
POINT (16.9379051 48.0662852);n960304044;960304044;node;wind_turbine;Bonus B52/1000;1.0 MW;wind;generator;;horizontal_axis;;;;;;;;;;;;;;;;;;;;;;;;;;;;;;;;;;;;;;;;;;;;;;;;
POINT (16.9279886 48.0603465);n960304075;960304075;node;wind_turbine;Enercon E-66/1800;1.8 MW;wind;generator;;horizontal_axis;;;;;;;;;;;;;;;;;;;;;;;;;;;;;;;;;;;;;;;;;;;;;;;;
POINT (16.9351489 48.0642213);n960304108;960304108;node;wind_turbine;Bonus B52/1000;1.0 MW;wind;generator;;horizontal_axis;;;;;;;;;;;;;;;;;;;;;;;;;;;;;;;;;;;;;;;;;;;;;;;;
POINT (16.9335926 48.0613602);n960304116;960304116;node;wind_turbine;Enercon E-66/1800;1.8 MW;wind;generator;;horizontal_axis;;;;;;;;;;;;;;;;;;;;;;;;;;;;;;;;;;;;;;;;;;;;;;;;
POINT (16.9362531 48.0648639);n960304138;960304138;node;wind_turbine;Bonus B52/1000;1.0 MW;wind;generator;;horizontal_axis;;;;;;;;;;;;;;;;;;;;;;;;;;;;;;;;;;;;;;;;;;;;;;;;
POINT (16.9278553 48.063691);n960304171;960304171;node;wind_turbine;Enercon E-66/1800;1.8 MW;wind;generator;;horizontal_axis;;;;;;;;;;;;;;;;;;;;;;;;;;;;;;;;;;;;;;;;;;;;;;;;
POINT (16.8996809 48.093133);n961319199;961319199;node;wind_turbine;Enercon E66/2000;2 MW;wind;generator;;horizontal_axis;;;;;;;;;;;;;;;;;;;;;;;;;;;;;;;;;;;;;;;;;;;;;;;;
POINT (16.8859523 48.0921888);n961319274;961319274;node;wind_turbine;Enercon E66/2000;2 MW;wind;generator;;horizontal_axis;;;;;;;;;;;;;;;;;;;;;;;;;;;;;;;;;;;;;;;;;;;;;;;;
POINT (16.8933621 48.0893753);n961319300;961319300;node;wind_turbine;Enercon E66/2000;2 MW;wind;generator;;horizontal_axis;;;;;;;;;;;;;;;;;;;;;;;;;;;;;;;;;;;;;;;;;;;;;;;;
POINT (16.8909776 48.0943741);n961319334;961319334;node;;Enercon E66/2000;2 MW;wind;generator;;;;;;;;;;;;;;;;;;;;;;;;;;;;;;;;;;;;;;;;;;;;;;;;;;
POINT (17.0101347 48.0581024);n961978638;961978638;node;wind_turbine;Dewind D6;1.25 MW;wind;generator;;horizontal_axis;;;;;;;;;;;;;;;;;;;;;;;;;;;;;;;;;;;;;;;;;;;;;;;;
POINT (17.0033505 48.0513902);n961978942;961978942;node;wind_turbine;Dewind D6;1.25 MW;wind;generator;;horizontal_axis;;;;;;;;;;;;;;;;;;;;;;;;;;;;;;;;;;;;;;;;;;;;;;;;
POINT (17.0074103 48.0554259);n961979112;961979112;node;wind_turbine;Dewind D6;1.25 MW;wind;generator;;horizontal_axis;;;;;;;;;;;;;;;;;;;;;;;;;;;;;;;;;;;;;;;;;;;;;;;;
POINT (17.0047102 48.0527428);n961979474;961979474;node;wind_turbine;Dewind D6;1.25 MW;wind;generator;;horizontal_axis;;;;;;;;;;;;;;;;;;;;;;;;;;;;;;;;;;;;;;;;;;;;;;;;
POINT (17.008774 48.0567559);n961979801;961979801;node;wind_turbine;Dewind D6;1.25 MW;wind;generator;;horizontal_axis;;;;;;;;;;;;;;;;;;;;;;;;;;;;;;;;;;;;;;;;;;;;;;;;
POINT (17.0114951 48.0594398);n961980004;961980004;node;wind_turbine;Dewind D6;1.25 MW;wind;generator;;horizontal_axis;;;;;;;;;;;;;;;;;;;;;;;;;;;;;;;;;;;;;;;;;;;;;;;;
POINT (17.0020026 48.0500539);n961980042;961980042;node;wind_turbine;Dewind D6;1.25 MW;wind;generator;;horizontal_axis;;;;;;;;;;;;;;;;;;;;;;;;;;;;;;;;;;;;;;;;;;;;;;;;
POINT (17.0060707 48.0540815);n961980212;961980212;node;wind_turbine;Dewind D6;1.25 MW;wind;generator;;horizontal_axis;;;;;;;;;;;;;;;;;;;;;;;;;;;;;;;;;;;;;;;;;;;;;;;;
POINT (17.0359554 48.0860807);n961998997;961998997;node;wind_turbine;Vestas V80;2.0 MW;wind;generator;;horizontal_axis;;;;;;;;;;;;;;;;;;;;;;;;;;;;;;;;;;;;;;;;;;;;;;;;
POINT (17.0165683 48.0908035);n961999110;961999110;node;wind_turbine;Vestas V80;2.0 MW;wind;generator;;horizontal_axis;;;;;;;;;;;;;;;;;;;;;;;;;;;;;;;;;;;;;;;;;;;;;;;;
POINT (17.0307528 48.0912975);n961999130;961999130;node;wind_turbine;Vestas V80;2.0 MW;wind;generator;;horizontal_axis;;;;;;;;;;;;;;;;;;;;;;;;;;;;;;;;;;;;;;;;;;;;;;;;
POINT (17.017262 48.0943799);n961999162;961999162;node;wind_turbine;Vestas V80;2.0 MW;wind;generator;;horizontal_axis;;;;;;;;;;;;;;;;;;;;;;;;;;;;;;;;;;;;;;;;;;;;;;;;
POINT (17.0370517 48.0903737);n961999257;961999257;node;wind_turbine;Vestas V80;2.0 MW;wind;generator;;horizontal_axis;;;;;;;;;;;;;;;;;;;;;;;;;;;;;;;;;;;;;;;;;;;;;;;;
POINT (17.0106681 48.0927649);n961999290;961999290;node;wind_turbine;Vestas V80;2.0 MW;wind;generator;;horizontal_axis;;;;;;;;;;;;;;;;;;;;;;;;;;;;;;;;;;;;;;;;;;;;;;;;
POINT (17.024277 48.0961729);n961999313;961999313;node;wind_turbine;Vestas V80;2.0 MW;wind;generator;;horizontal_axis;;;;;;;;;;;;;;;;;;;;;;;;;;;;;;;;;;;;;;;;;;;;;;;;
POINT (17.0290669 48.0877795);n961999363;961999363;node;wind_turbine;Vestas V80;2.0 MW;wind;generator;;horizontal_axis;;;;;;;;;;;;;;;;;;;;;;;;;;;;;;;;;;;;;;;;;;;;;;;;
POINT (17.0237933 48.0925496);n961999431;961999431;node;wind_turbine;Vestas V80;2.0 MW;wind;generator;;horizontal_axis;;;;;;;;;;;;;;;;;;;;;;;;;;;;;;;;;;;;;;;;;;;;;;;;
POINT (13.3294889 46.8709452);n982380196;982380196;node;;;;;terminal;;;;;;;;;;;;;;;;;;;;;;;;;;;;;;;;;;;;;;;;;;;;;;;;;;
POINT (13.3293767 46.8708384);n982380203;982380203;node;;;;;terminal;;;;;;;;;;;;;;;;;;;;;;;;;;;;;;;;;;;;;;;;;;;;;;;;;;
POINT (13.3292053 46.8706752);n982380208;982380208;node;;;;;terminal;;;;;;;;;;;;;;;;;;;;;;;;;;;;;;;;;;;;;;;;;;;;;;;;;;
POINT (13.3290891 46.8705645);n982380214;982380214;node;;;;;terminal;;;;;;;;;;;;;;;;;;;;;;;;;;;;;;;;;;;;;;;;;;;;;;;;;;
POINT (13.0715972 46.8675458);n1001467064;1001467064;node;;;;;terminal;;;;;;;;;;;;;;;;;;;;;;;;;;;;;;;;;;;;;;;;;;;;;;;;;;
POINT (16.6664672 48.3564138);n1076932199;1076932199;node;;Vestas V 90;2.0 MW;wind;generator;;;;;;;;;;;;;;;;;;;;;;;;;;;;;;;;;;;;;;;;;;;;;;;;;;
POINT (16.9037974 47.9614731);n1087947159;1087947159;node;wind_turbine;Enercon E-66/18.70;1.8 MW;wind;generator;WE1;horizontal_axis;;;;;;;;;;;;;;;;;;;;;;;;;;;;;;;;;;;;;;;;;;;;;;;;
POINT (16.9046074 48.0878269);n1109619186;1109619186;node;wind_turbine;Enercon E66/2000;2 MW;wind;generator;;horizontal_axis;;;;;;;;;;;;;;;;;;;;;;;;;;;;;;;;;;;;;;;;;;;;;;;;
POINT (16.9040106 48.0851306);n1109619321;1109619321;node;wind_turbine;Enercon E66/2000;2 MW;wind;generator;;horizontal_axis;;;;;;;;;;;;;;;;;;;;;;;;;;;;;;;;;;;;;;;;;;;;;;;;
POINT (16.8982354 48.0886985);n1109619409;1109619409;node;wind_turbine;Enercon E66/2000;2 MW;wind;generator;;horizontal_axis;;;;;;;;;;;;;;;;;;;;;;;;;;;;;;;;;;;;;;;;;;;;;;;;
POINT (16.8868579 48.0952828);n1109630960;1109630960;node;wind_turbine;Enercon E66/2000;2 MW;wind;generator;;horizontal_axis;;;;;;;;;;;;;;;;;;;;;;;;;;;;;;;;;;;;;;;;;;;;;;;;
POINT (16.8782507 48.0956581);n1109631036;1109631036;node;;Enercon E66/2000;2 MW;wind;generator;;;;;;;;;;;;;;;;;;;;;;;;;;;;;;;;;;;;;;;;;;;;;;;;;;
POINT (16.9094142 47.944014);n1192395820;1192395820;node;wind_turbine;Enercon E-66/18.70;1.8 MW;wind;generator;WE21;;;;;;;;;;;;;;;;;;;;;;;;;;;;;;;;;;;;;;;;;;;;;;;;;
POINT (16.9188794 47.9524691);n1192395831;1192395831;node;wind_turbine;Enercon E-66/18.70;1.8 MW;wind;generator;WE16;horizontal_axis;;;;;;;;;;;;;;;;;;;;;;;;;;;;;;;;;;;;;;;;;;;;;;;;
POINT (12.088205 47.5151103);n1205071161;1205071161;node;;;;;;;;gate;;;;;;;;;;;;;;;;;;;;;;;;;;;;;;;;;;;;;;;;;;;;;;;
POINT (16.4189411 47.7647217);n1225305439;1225305439;node;wind_turbine;Bonus B82;2.3 MW;wind;generator;;horizontal_axis;;;;;;;131;;;;;;;;;;;;;;;;;;;;;;;;;;;;;;;;;;;;;;;;;
POINT (16.4151412 47.7686001);n1225305551;1225305551;node;wind_turbine;Bonus B82;2.3 MW;wind;generator;;horizontal_axis;;;;;;;131;;;;;;;;;;;;;;;;;;;;;;;;;;;;;;;;;;;;;;;;;
POINT (16.4124229 47.7606706);n1225305558;1225305558;node;wind_turbine;Bonus B82;2.3 MW;wind;generator;;horizontal_axis;;;;;;;131;;;;;;;;;;;;;;;;;;;;;;;;;;;;;;;;;;;;;;;;;
POINT (16.4158336 47.7626006);n1225305811;1225305811;node;wind_turbine;Bonus B82;2.3 MW;wind;generator;;horizontal_axis;;;;;;;131;;;;;;;;;;;;;;;;;;;;;;;;;;;;;;;;;;;;;;;;;
POINT (13.138705 47.3148641);n1247178285;1247178285;node;;;;;;;;gate;;;;private;;;;;;;;;;;;;;;;;;;;;;;;;;;;;;;;;;;;;;;;;;;
POINT (13.1395488 47.3150132);n1341928432;1341928432;node;;;;;;;;gate;;;;private;;;;;;;;;;;;;;;;;;;;;;;;;;;;;;;;;;;;;;;;;;;
POINT (16.7750121 48.0569626);n1360278931;1360278931;node;wind_turbine;Vestas V 90;2.0 MW;wind;generator;;horizontal_axis;;42729;;;;;;;;;;;;;;;;;;;;;;;;;;;;;;;;;;;;;;;;;;;;;;
POINT (16.779874 48.0511107);n1360289389;1360289389;node;wind_turbine;Vestas V 90;2.0 MW;wind;generator;;horizontal_axis;;42733;;;;;;;;;;;;;;;;;;;;;;;;;;;;;;;;;;;;;;;;;;;;;;
POINT (16.7819757 48.0549222);n1360289390;1360289390;node;wind_turbine;Vestas V 90;2.0 MW;wind;generator;;horizontal_axis;;42728;;;;;;;;;;;;;;;;;;;;;;;;;;;;;;;;;;;;;;;;;;;;;;
POINT (16.7733696 48.0535509);n1360289391;1360289391;node;wind_turbine;Vestas V 90;2.0 MW;wind;generator;;horizontal_axis;;42730;;;;;;;;;;;;;;;;;;;;;;;;;;;;;;;;;;;;;;;;;;;;;;
POINT (16.769935 48.0503134);n1360289634;1360289634;node;wind_turbine;Vestas V 90;2.0 MW;wind;generator;;horizontal_axis;;42731;;;;;;;;;;;;;;;;;;;;;;;;;;;;;;;;;;;;;;;;;;;;;;
POINT (16.7769356 48.0483091);n1360289816;1360289816;node;wind_turbine;Vestas V 90;2.0 MW;wind;generator;;horizontal_axis;;42732;;;;;;;;;;;;;;;;;;;;;;;;;;;;;;;;;;;;;;;;;;;;;;
POINT (16.7629991 48.0559606);n1361273942;1361273942;node;;Enercon E-70/2000;2.0 MW;wind;generator;;;;;;;;;;;;;;;;;;;;;;;;;;;;;;;;;;;;;;;;;;;;;;;;;;
POINT (16.7646621 48.0588778);n1361273944;1361273944;node;wind_turbine;Enercon E-70/2000;2.0 MW;wind;generator;;horizontal_axis;;;;;;;;;;;;;;;;;;;;;;;;;;;;;;;;;;;;;;;;;;;;;;;;
POINT (16.6544746 48.356681);n1387270230;1387270230;node;;Vestas V 90;2.0 MW;wind;generator;;;;;;;;;;;;;;;;;;;;;;;;;;;;;;;;;;;;;;;;;;;;;;;;;;
POINT (14.3379978 48.2843149);n1389057812;1389057812;node;;;;;;;;;;;;;;;;yes;;;;;;;;;;;;;;;;;;;;;;;;;;;;;;;;;;;;;;;
POINT (16.9188532 48.025236);n1421001005;1421001005;node;wind_turbine;Vestas V 80;2.0 MW;wind;generator;NE5;horizontal_axis;;;;;;;;;;;;;;;;;;;;;;;;;;;;;;;;;;;;;;;;;;;;;;;;
POINT (16.9272705 48.0363241);n1421001045;1421001045;node;wind_turbine;Enercon E-70;2.0 MW;wind;generator;;horizontal_axis;;;;;;;;;;;;;;;;;;;;;;;;;;;;;;;;;;;;;;;;;;;;;;;;
POINT (16.9193539 48.0376541);n1421001065;1421001065;node;wind_turbine;Enercon E-70;2.0 MW;wind;generator;PN4;horizontal_axis;;;;;;;;;;;;;;;;;;;;;;;;;;;;;;;;;;;;;;;;;;;;;;;;
POINT (16.9108186 48.0391265);n1421001081;1421001081;node;wind_turbine;Enercon E-70;2.0 MW;wind;generator;;horizontal_axis;;;;;;;;;;;;;;;;;;;;;;;;;;;;;;;;;;;;;;;;;;;;;;;;
POINT (16.9235021 48.0414951);n1421001113;1421001113;node;wind_turbine;Enercon E-70;2.0 MW;wind;generator;;horizontal_axis;;;;;;;;;;;;;;;;;;;;;;;;;;;;;;;;;;;;;;;;;;;;;;;;
POINT (16.9141878 48.0421304);n1421001121;1421001121;node;wind_turbine;Enercon E-70;2.0 MW;wind;generator;PN2;horizontal_axis;;;;;;;;;;;;;;;;;;;;;;;;;;;;;;;;;;;;;;;;;;;;;;;;
POINT (16.9175678 48.0451381);n1421001162;1421001162;node;wind_turbine;Enercon E-70;2.0 MW;wind;generator;;horizontal_axis;;;;;;;;;;;;;;;;;;;;;;;;;;;;;;;;;;;;;;;;;;;;;;;;
POINT (16.9124943 48.0339441);n1421005713;1421005713;node;wind_turbine;Vestas V 80;2.0 MW;wind;generator;NE17;horizontal_axis;;;;;;;;;;;;;;;;;;;;;;;;;;;;;;;;;;;;;;;;;;;;;;;;
POINT (16.9069615 48.0365128);n1421005731;1421005731;node;wind_turbine;Vestas V 80;2.0 MW;wind;generator;NE22;horizontal_axis;;;;;;;;;;;;;;;;;;;;;;;;;;;;;;;;;;;;;;;;;;;;;;;;
POINT (16.892089 48.0216041);n1421008563;1421008563;node;wind_turbine;Dewind D8;2.0 MW;wind;generator;NE13;horizontal_axis;;;;;;;;;;;;;;;;;;;;;;;;;;;;;;;;;;;;;;;;;;;;;;;;
POINT (16.9018479 48.0273934);n1421008579;1421008579;node;wind_turbine;Dewind D8;2.0 MW;wind;generator;NE15;horizontal_axis;;;;;;;;;;;;;;;;;;;;;;;;;;;;;;;;;;;;;;;;;;;;;;;;
POINT (16.905315 48.0233465);n1421012944;1421012944;node;wind_turbine;Dewind D8;2.0 MW;wind;generator;NE9;horizontal_axis;;;;;;;;;;;;;;;;;;;;;;;;;;;;;;;;;;;;;;;;;;;;;;;;
POINT (16.9093525 48.0250627);n1421012947;1421012947;node;wind_turbine;Vestas V 80;2.0 MW;wind;generator;NE10;horizontal_axis;;;;;;;;;;;;;;;;;;;;;;;;;;;;;;;;;;;;;;;;;;;;;;;;
POINT (16.9129722 48.02788);n1421012950;1421012950;node;wind_turbine;Vestas V 80;2.0 MW;wind;generator;NE11;horizontal_axis;;;;;;;;;;;;;;;;;;;;;;;;;;;;;;;;;;;;;;;;;;;;;;;;
POINT (16.8909293 48.0295176);n1421016149;1421016149;node;wind_turbine;Dewind D8;2.0 MW;wind;generator;NE19;horizontal_axis;;;;;;;;;;;;;;;;;;;;;;;;;;;;;;;;;;;;;;;;;;;;;;;;
POINT (16.8873213 48.0272747);n1421016350;1421016350;node;wind_turbine;Dewind D8;2.0 MW;wind;generator;NE18;horizontal_axis;;;;;;;;;;;;;;;;;;;;;;;;;;;;;;;;;;;;;;;;;;;;;;;;
POINT (16.9178778 48.0302518);n1421019042;1421019042;node;wind_turbine;Vestas V 80;2.0 MW;wind;generator;NE12;horizontal_axis;;;;;;;;;;;;;;;;;;;;;;;;;;;;;;;;;;;;;;;;;;;;;;;;
POINT (16.9350398 48.0316274);n1421019048;1421019048;node;wind_turbine;Enercon E-70;2.0 MW;wind;generator;;horizontal_axis;;;;;;;;;;;;;;;;;;;;;;;;;;;;;;;;;;;;;;;;;;;;;;;;
POINT (16.9227799 48.0323174);n1421019052;1421019052;node;wind_turbine;Enercon E-70;2.0 MW;wind;generator;;horizontal_axis;;;;;;;;;;;;;;;;;;;;;;;;;;;;;;;;;;;;;;;;;;;;;;;;
POINT (17.0206644 48.081477);n1482249852;1482249852;node;wind_turbine;Enercon E-82;2.3 MW;wind;generator;KI5;horizontal_axis;;;;;;;;;;;;;;;;;;;;;;;;;;;;;;;;;;;;;;;;;;;;;;;;
POINT (17.0173384 48.0791184);n1482249970;1482249970;node;wind_turbine;Enercon E-82;2.3 MW;wind;generator;KI4;horizontal_axis;;;;;;;;;;;;;;;;;;;;;;;;;;;;;;;;;;;;;;;;;;;;;;;;
POINT (17.0138838 48.0767461);n1482250008;1482250008;node;wind_turbine;Enercon E-82;2.3 MW;wind;generator;KI3;horizontal_axis;;;;;;;;;;;;;;;;;;;;;;;;;;;;;;;;;;;;;;;;;;;;;;;;
POINT (17.0144738 48.0835986);n1482250334;1482250334;node;wind_turbine;Enercon E-82;2.3 MW;wind;generator;Ö2;horizontal_axis;;;;;;;;;;;;;;;;;;;;;;;;;;;;;;;;;;;;;;;;;;;;;;;;
POINT (17.010075 48.0803015);n1482250336;1482250336;node;wind_turbine;Enercon E-82;2.3 MW;wind;generator;KI2;horizontal_axis;;;;;;;;;;;;;;;;;;;;;;;;;;;;;;;;;;;;;;;;;;;;;;;;
POINT (17.0229284 48.0892376);n1482251179;1482251179;node;wind_turbine;Vestas V90;2.0 MW;wind;generator;;horizontal_axis;;;;;;;;;;;;;;;;;;;;;;;;;;;;;;;;;;;;;;;;;;;;;;;;
POINT (16.3685973 48.1394132);n1491739434;1491739434;node;;;;;;;;gate;;;;;;;;;;;;;;;;;;;;;;;;;;;;;;;;;;;;;;;;;;;;;;;
POINT (16.907124 48.0476638);n1495087911;1495087911;node;wind_turbine;Enercon E-126;7.5 MW;wind;generator;;horizontal_axis;;;;;;;;;;;;;;;;;;;;;;;;;;;;;;;;;;;;;;;;;;;;;;;;
POINT (16.9131751 48.0493134);n1495087914;1495087914;node;;Enercon E-126;7.5 MW;wind;generator;;;;;;;;;;;;;;;;;;;;;;;;;;;;;;;;;;;;;;;;;;;;;;;;;;
POINT (17.0339932 48.0795036);n1495092858;1495092858;node;wind_turbine;Enercon E-82;2.3 MW;wind;generator;KI1;horizontal_axis;;;;;;;;;;;;;;;;;;;;;;;;;;;;;;;;;;;;;;;;;;;;;;;;
POINT (16.4319102 48.1852649);n1517650226;1517650226;node;;;;;;;;gate;;;;;;;;;;;;;;;;;;;;;;;;;;;;;;;;;;;;;;;;;;;;;;;
POINT (16.6135671 47.5747827);n1562890233;1562890233;node;;Enercon E-82;2.0 MW;wind;generator;;;;;;;;;;;;;;;;;;;;;;;;;;;;;;;;;;;;;;;;;;;;;;;;;;
POINT (16.6178587 47.576759);n1562890237;1562890237;node;;REpower MM82;2.0 MW;wind;generator;;;;;;;;;;;;;;;;;;;;;;;;;;;;;;;;;;;;;;;;;;;;;;;;;;
POINT (16.6137822 47.5774992);n1562890238;1562890238;node;;REpower MM82;2.0 MW;wind;generator;;;;;;;;;;;;;;;;;;;;;;;;;;;;;;;;;;;;;;;;;;;;;;;;;;
POINT (16.6209361 47.5795985);n1562890243;1562890243;node;;REpower MM82;2.0 MW;wind;generator;;;;;;;;;;;;;;;;;;;;;;;;;;;;;;;;;;;;;;;;;;;;;;;;;;
POINT (16.6288079 47.5811338);n1562890247;1562890247;node;;REpower MM82;2.0 MW;wind;generator;;;;;;;;;;;;;;;;;;;;;;;;;;;;;;;;;;;;;;;;;;;;;;;;;;
POINT (16.614452 47.5815272);n1562890249;1562890249;node;;REpower MM82;2.0 MW;wind;generator;;;;;;;;;;;;;;;;;;;;;;;;;;;;;;;;;;;;;;;;;;;;;;;;;;
POINT (16.6253312 47.5828849);n1562890259;1562890259;node;;REpower MM82;2.0 MW;wind;generator;;;;;;;;;;;;;;;;;;;;;;;;;;;;;;;;;;;;;;;;;;;;;;;;;;
POINT (16.6208928 47.5830574);n1562890263;1562890263;node;;REpower MM82;2.0 MW;wind;generator;;;;;;;;;;;;;;;;;;;;;;;;;;;;;;;;;;;;;;;;;;;;;;;;;;
POINT (16.3652367 47.8920808);n1600740336;1600740336;node;;Nordex N60;1.5 MW;wind;generator;;;;;;;;;;;;;;;;;;;;;;;;;;;;;;;;;;;;;;;;;;;;;;;;;;
POINT (16.3695561 47.8957327);n1600740339;1600740339;node;;Nordex N60;1.5 MW;wind;generator;;;;;;;;;;;;;;;;;;;;;;;;;;;;;;;;;;;;;;;;;;;;;;;;;;
POINT (16.3719544 47.897429);n1600740342;1600740342;node;;Nordex N60;1.5 MW;wind;generator;;;;;;;;;;;;;;;;;;;;;;;;;;;;;;;;;;;;;;;;;;;;;;;;;;
POINT (16.6650419 48.2607296);n1647431848;1647431848;node;;Vestas V 90;2.0 MW;wind;generator;;;;;;;;;;;;;;;;;;;;;;;;;;;;;;;;;;;;;;;;;;;;;;;;;;
POINT (16.6673702 48.2647148);n1647432834;1647432834;node;;Vestas V 90;2.0 MW;wind;generator;;;;;;;;;;;;;;;;;;;;;;;;;;;;;;;;;;;;;;;;;;;;;;;;;;
POINT (16.6567595 48.2652406);n1647432988;1647432988;node;;Vestas V 90;2.0 MW;wind;generator;;;;;;;;;;;;;;;;;;;;;;;;;;;;;;;;;;;;;;;;;;;;;;;;;;
POINT (16.6692427 48.2677109);n1647433199;1647433199;node;;Vestas V 90;2.0 MW;wind;generator;;;;;;;;;;;;;;;;;;;;;;;;;;;;;;;;;;;;;;;;;;;;;;;;;;
POINT (16.657784 48.2683464);n1647433279;1647433279;node;;Vestas V 90;2.0 MW;wind;generator;;;;;;;;;;;;;;;;;;;;;;;;;;;;;;;;;;;;;;;;;;;;;;;;;;
POINT (16.6709222 48.2706844);n1647433335;1647433335;node;;Vestas V 90;2.0 MW;wind;generator;;;;;;;;;;;;;;;;;;;;;;;;;;;;;;;;;;;;;;;;;;;;;;;;;;
POINT (16.6592796 48.2710551);n1647433341;1647433341;node;;Vestas V 90;2.0 MW;wind;generator;;;;;;;;;;;;;;;;;;;;;;;;;;;;;;;;;;;;;;;;;;;;;;;;;;
POINT (16.6609635 48.2748394);n1647433359;1647433359;node;;Vestas V 90;2.0 MW;wind;generator;;;;;;;;;;;;;;;;;;;;;;;;;;;;;;;;;;;;;;;;;;;;;;;;;;
POINT (16.6675748 48.2766227);n1661461837;1661461837;node;;Vestas V 90;2.0 MW;wind;generator;;;;;;;;;;;;;;;;;;;;;;;;;;;;;;;;;;;;;;;;;;;;;;;;;;
POINT (13.4426447 48.4359372);n1728301758;1728301758;node;;;;;;;;gate;;;;;;;;;;;;;;;;;;;;;;;;;;;;;;;;;;;;;;;;;;;;;;;
POINT (13.4418018 48.4360095);n1728301762;1728301762;node;;;;;;;;gate;;;;;;;;;;;;;;;;;;;;;;;;;;;;;;;;;;;;;;;;;;;;;;;
POINT (13.6452105 46.7209792);n1762114766;1762114766;node;;;;;;;;;;;;;;;;;weir;;;;;;;;;;;;;;;;;;;;;;;;;;;;;;;;;;;;;;
POINT (17.0476063 48.0775481);n1830653359;1830653359;node;wind_turbine;;1.8 MW;wind;generator;;horizontal_axis;;;;;;;;;;;;;;;;;;;;;;;;;;;;;;;;;;;;;;;;;;;;;;;;
POINT (17.0464351 48.0704919);n1830654093;1830654093;node;wind_turbine;;1.8 MW;wind;generator;;horizontal_axis;;;;;;;;;;;;;;;;;;;;;;;;;;;;;;;;;;;;;;;;;;;;;;;;
POINT (17.04887 48.0732585);n1830654097;1830654097;node;wind_turbine;;1.8 MW;wind;generator;;horizontal_axis;;;;;;;;;;;;;;;;;;;;;;;;;;;;;;;;;;;;;;;;;;;;;;;;
POINT (17.0447964 48.0745424);n1830654101;1830654101;node;wind_turbine;;1.8 MW;wind;generator;;horizontal_axis;;;;;;;;;;;;;;;;;;;;;;;;;;;;;;;;;;;;;;;;;;;;;;;;
POINT (17.0513818 48.0759467);n1830654104;1830654104;node;wind_turbine;;1.8 MW;wind;generator;;horizontal_axis;;;;;;;;;;;;;;;;;;;;;;;;;;;;;;;;;;;;;;;;;;;;;;;;
POINT (17.0422762 48.0718182);n1830654107;1830654107;node;wind_turbine;;1.8 MW;wind;generator;;horizontal_axis;;;;;;;;;;;;;;;;;;;;;;;;;;;;;;;;;;;;;;;;;;;;;;;;
POINT (17.0561403 48.0656012);n1830655929;1830655929;node;wind_turbine;;1.8 MW;wind;generator;;horizontal_axis;;;;;;;;;;;;;;;;;;;;;;;;;;;;;;;;;;;;;;;;;;;;;;;;
POINT (17.0564029 48.073957);n1830655934;1830655934;node;wind_turbine;;1.8 MW;wind;generator;;horizontal_axis;;;;;;;;;;;;;;;;;;;;;;;;;;;;;;;;;;;;;;;;;;;;;;;;
POINT (17.0510653 48.0681719);n1830655939;1830655939;node;wind_turbine;;1.8 MW;wind;generator;;horizontal_axis;;;;;;;;;;;;;;;;;;;;;;;;;;;;;;;;;;;;;;;;;;;;;;;;
POINT (17.0537207 48.0710468);n1830655942;1830655942;node;wind_turbine;;1.8 MW;wind;generator;;horizontal_axis;;;;;;;;;;;;;;;;;;;;;;;;;;;;;;;;;;;;;;;;;;;;;;;;
POINT (17.0585221 48.0681896);n1830655945;1830655945;node;wind_turbine;;1.8 MW;wind;generator;;horizontal_axis;;;;;;;;;;;;;;;;;;;;;;;;;;;;;;;;;;;;;;;;;;;;;;;;
POINT (17.0605549 48.0710324);n1830655947;1830655947;node;wind_turbine;;1.8 MW;wind;generator;;horizontal_axis;;;;;;;;;;;;;;;;;;;;;;;;;;;;;;;;;;;;;;;;;;;;;;;;
POINT (16.3563602 47.9398091);n1833355276;1833355276;node;;Vestas V 90;2.0 MW;wind;generator;;;;;;;;;;;;;;;;;;;;;;;;;;;;;;;;;;;;;;;;;;;;;;;;;;
POINT (16.3600322 47.9409755);n1833355277;1833355277;node;;Vestas V 90;2.0 MW;wind;generator;;;;;;;;;;;;;;;;;;;;;;;;;;;;;;;;;;;;;;;;;;;;;;;;;;
POINT (16.3528997 47.94332);n1833355278;1833355278;node;;Vestas V 90;2.0 MW;wind;generator;;;;;;;;;;;;;;;;;;;;;;;;;;;;;;;;;;;;;;;;;;;;;;;;;;
POINT (16.3565308 47.9447024);n1833355279;1833355279;node;;Vestas V 90;2.0 MW;wind;generator;;;;;;;;;;;;;;;;;;;;;;;;;;;;;;;;;;;;;;;;;;;;;;;;;;
POINT (16.3590053 47.9466385);n1833355280;1833355280;node;;Vestas V 90;2.0 MW;wind;generator;;;;;;;;;;;;;;;;;;;;;;;;;;;;;;;;;;;;;;;;;;;;;;;;;;
POINT (16.3475303 47.9467456);n1833355281;1833355281;node;;Vestas V 90;2.0 MW;wind;generator;;;;;;;;;;;;;;;;;;;;;;;;;;;;;;;;;;;;;;;;;;;;;;;;;;
POINT (16.3514909 47.9486716);n1833355282;1833355282;node;;Vestas V 90;2.0 MW;wind;generator;;;;;;;;;;;;;;;;;;;;;;;;;;;;;;;;;;;;;;;;;;;;;;;;;;
POINT (16.3545996 47.9499453);n1833355283;1833355283;node;;Vestas V 90;2.0 MW;wind;generator;;;;;;;;;;;;;;;;;;;;;;;;;;;;;;;;;;;;;;;;;;;;;;;;;;
POINT (16.9830606 48.0708326);n1885225077;1885225077;node;wind_turbine;Enercon E-66/1800;1.8 MW;wind;generator;;horizontal_axis;;;;;;;;;;;;;;;;;;;;;;;;;;;;;;;;;;;;;;;;;;;;;;;;
POINT (16.9781918 48.0693603);n1885226665;1885226665;node;wind_turbine;Enercon E-66/1800;1.8 MW;wind;generator;;horizontal_axis;;;;;;;;;;;;;;;;;;;;;;;;;;;;;;;;;;;;;;;;;;;;;;;;
POINT (16.9776131 48.0747979);n1885226671;1885226671;node;wind_turbine;Enercon E-66/1800;1.8 MW;wind;generator;;horizontal_axis;;;;;;;;;;;;;;;;;;;;;;;;;;;;;;;;;;;;;;;;;;;;;;;;
POINT (16.9798189 48.061798);n1885228359;1885228359;node;wind_turbine;Enercon E-66/1800;1.8 MW;wind;generator;;horizontal_axis;;;;;;;;;;;;;;;;;;;;;;;;;;;;;;;;;;;;;;;;;;;;;;;;
POINT (16.985053 48.0633268);n1885228362;1885228362;node;wind_turbine;Enercon E-66/1800;1.8 MW;wind;generator;;horizontal_axis;;;;;;;;;;;;;;;;;;;;;;;;;;;;;;;;;;;;;;;;;;;;;;;;
POINT (16.98926 48.0661714);n1885229676;1885229676;node;wind_turbine;Enercon E-66/1800;1.8 MW;wind;generator;;horizontal_axis;;;;;;;;;;;;;;;;;;;;;;;;;;;;;;;;;;;;;;;;;;;;;;;;
POINT (16.4328029 48.6334285);n2004753444;2004753444;node;;;;;pole;;;;;;;;;;;;;;;;;;;;;;;;;;;;;;;;;;;;;;;;;;;;;;;;;;
POINT (16.9041374 47.9458993);n2032801146;2032801146;node;wind_turbine;Enercon E-66/18.70;1.8 MW;wind;generator;WE20;;;;;;;;;;;;;;;;;;;;;;;;;;;;;;;;;;;;;;;;;;;;;;;;;
POINT (16.8923381 47.9462198);n2032801158;2032801158;node;wind_turbine;Enercon E-66/18.70;1.8 MW;wind;generator;WE11;;;;;;;;;;;;;;;;;;;;;;;;;;;;;;;;;;;;;;;;;;;;;;;;;
POINT (16.8973434 47.9466938);n2032801168;2032801168;node;wind_turbine;Enercon E-66/18.70;1.8 MW;wind;generator;WE9;horizontal_axis;;;;;;;;;;;;;;;;;;;;;;;;;;;;;;;;;;;;;;;;;;;;;;;;
POINT (16.8906587 47.9494764);n2032801177;2032801177;node;wind_turbine;Enercon E-66/18.70;1.8 MW;wind;generator;WE10;;;;;;;;;;;;;;;;;;;;;;;;;;;;;;;;;;;;;;;;;;;;;;;;;
POINT (16.908186 47.9495205);n2032801190;2032801190;node;wind_turbine;Enercon E-66/18.70;1.8 MW;wind;generator;WE18;horizontal_axis;;;;;;;;;;;;;;;;;;;;;;;;;;;;;;;;;;;;;;;;;;;;;;;;
POINT (16.895118 47.9501543);n2032801203;2032801203;node;wind_turbine;Enercon E-66/18.70;1.8 MW;wind;generator;WE8;horizontal_axis;;;;;;;;;;;;;;;;;;;;;;;;;;;;;;;;;;;;;;;;;;;;;;;;
POINT (16.8859251 47.9505937);n2032801213;2032801213;node;wind_turbine;Enercon E-66/18.70;1.8 MW;wind;generator;ND11;horizontal_axis;;;;;;;;;;;;;;;;;;;;;;;;;;;;;;;;;;;;;;;;;;;;;;;;
POINT (16.9039231 47.9525788);n2032801224;2032801224;node;wind_turbine;Enercon E-66/18.70;1.8 MW;wind;generator;WE5;horizontal_axis;;;;;;;;;;;;;;;;;;;;;;;;;;;;;;;;;;;;;;;;;;;;;;;;
POINT (16.909078 47.9526527);n2032801228;2032801228;node;wind_turbine;Enercon E-66/18.70;1.8 MW;wind;generator;WE4;horizontal_axis;;;;;;;;;;;;;;;;;;;;;;;;;;;;;;;;;;;;;;;;;;;;;;;;
POINT (16.8907743 47.9529462);n2032801247;2032801247;node;wind_turbine;Enercon E-66/18.70;1.8 MW;wind;generator;ND18;;;;;;;;;;;;;;;;;;;;;;;;;;;;;;;;;;;;;;;;;;;;;;;;;
POINT (16.8969143 47.95314);n2032801254;2032801254;node;wind_turbine;Enercon E-66/18.70;1.8 MW;wind;generator;WE6;horizontal_axis;;;;;;;;;;;;;;;;;;;;;;;;;;;;;;;;;;;;;;;;;;;;;;;;
POINT (16.881615 47.9533693);n2032801262;2032801262;node;wind_turbine;Enercon E-66/18.70;1.8 MW;wind;generator;ND9;horizontal_axis;;;;;;;;;;;;;;;;;;;;;;;;;;;;;;;;;;;;;;;;;;;;;;;;
POINT (16.8865683 47.9557795);n2032801267;2032801267;node;wind_turbine;Enercon E-66/18.70;1.8 MW;wind;generator;ND10;;;;;;;;;;;;;;;;;;;;;;;;;;;;;;;;;;;;;;;;;;;;;;;;;
POINT (16.8796026 47.9563139);n2032801271;2032801271;node;wind_turbine;Enercon E-66/18.70;1.8 MW;wind;generator;ND6;horizontal_axis;;;;;;;;;;;;;;;;;;;;;;;;;;;;;;;;;;;;;;;;;;;;;;;;
POINT (16.8963256 47.9566401);n2032801276;2032801276;node;wind_turbine;Enercon E-66/18.70;1.8 MW;wind;generator;ND17;horizontal_axis;;;;;;;;;;;;;;;;;;;;;;;;;;;;;;;;;;;;;;;;;;;;;;;;
POINT (16.9038258 47.9568151);n2032801280;2032801280;node;wind_turbine;Enercon E-66/18.70;1.8 MW;wind;generator;WE3;horizontal_axis;;;;;;;;;;;;;;;;;;;;;;;;;;;;;;;;;;;;;;;;;;;;;;;;
POINT (16.8908093 47.9587013);n2032801287;2032801287;node;wind_turbine;Enercon E-66/18.70;1.8 MW;wind;generator;ND14;horizontal_axis;;;;;;;;;;;;;;;;;;;;;;;;;;;;;;;;;;;;;;;;;;;;;;;;
POINT (16.8942478 47.9600351);n2032801292;2032801292;node;wind_turbine;Enercon E-66/18.70;1.8 MW;wind;generator;ND15;horizontal_axis;;;;;;;;;;;;;;;;;;;;;;;;;;;;;;;;;;;;;;;;;;;;;;;;
POINT (16.900223 47.9602745);n2032801296;2032801296;node;wind_turbine;Enercon E-66/18.70;1.8 MW;wind;generator;ND16;horizontal_axis;;;;;;;;;;;;;;;;;;;;;;;;;;;;;;;;;;;;;;;;;;;;;;;;
POINT (16.8961387 47.9629412);n2032801300;2032801300;node;wind_turbine;Enercon E-66/18.70;1.8 MW;wind;generator;ND13;horizontal_axis;;;;;;;;;;;;;;;;;;;;;;;;;;;;;;;;;;;;;;;;;;;;;;;;
POINT (16.886592 47.9648729);n2032801303;2032801303;node;wind_turbine;Enercon E-66/18.70;1.8 MW;wind;generator;ND12;horizontal_axis;;;;;;;;;;;;;;;;;;;;;;;;;;;;;;;;;;;;;;;;;;;;;;;;
POINT (16.8837683 47.9653962);n2032801306;2032801306;node;wind_turbine;Enercon E-66/18.70;1.8 MW;wind;generator;ND5;horizontal_axis;;;;;;;;;;;;;;;;;;;;;;;;;;;;;;;;;;;;;;;;;;;;;;;;
POINT (16.9006511 47.9362);n2032817579;2032817579;node;;Enercon E-66/18.70;1.8 MW;wind;generator;WE26;;;;;;;;;;;;;;;;;;;;;;;;;;;;;;;;;;;;;;;;;;;;;;;;;
POINT (16.8962843 47.938621);n2032817580;2032817580;node;wind_turbine;Enercon E-66/18.70;1.8 MW;wind;generator;WE25;horizontal_axis;;;;;;;;;;;;;;;;;;;;;;;;;;;;;;;;;;;;;;;;;;;;;;;;
POINT (16.9035708 47.9387479);n2032817584;2032817584;node;;Enercon E-66/18.70;1.8 MW;wind;generator;WE24;;;;;;;;;;;;;;;;;;;;;;;;;;;;;;;;;;;;;;;;;;;;;;;;;
POINT (16.9048042 47.94155);n2032817587;2032817587;node;wind_turbine;Enercon E-66/18.70;1.8 MW;wind;generator;WE22;horizontal_axis;;;;;;;;;;;;;;;;;;;;;;;;;;;;;;;;;;;;;;;;;;;;;;;;
POINT (16.9120693 47.9463837);n2032817591;2032817591;node;wind_turbine;Enercon E-66/18.70;1.8 MW;wind;generator;WE19;;;;;;;;;;;;;;;;;;;;;;;;;;;;;;;;;;;;;;;;;;;;;;;;;
POINT (16.901502 47.9492215);n2032817594;2032817594;node;wind_turbine;Enercon E-66/18.70;1.8 MW;wind;generator;WE7;;;;;;;;;;;;;;;;;;;;;;;;;;;;;;;;;;;;;;;;;;;;;;;;;
POINT (16.9158062 47.949716);n2032817595;2032817595;node;wind_turbine;Enercon E-66/18.70;1.8 MW;wind;generator;WE17;horizontal_axis;;;;;;;;;;;;;;;;;;;;;;;;;;;;;;;;;;;;;;;;;;;;;;;;
POINT (16.9136097 47.9543463);n2032817596;2032817596;node;wind_turbine;Enercon E-66/18.70;1.8 MW;wind;generator;WE15;horizontal_axis;;;;;;;;;;;;;;;;;;;;;;;;;;;;;;;;;;;;;;;;;;;;;;;;
POINT (16.9098391 47.9577519);n2121255963;2121255963;node;wind_turbine;Enercon E-66/18.70;1.8 MW;wind;generator;WE2;;;;;;;;;;;;;;;;;;;;;;;;;;;;;;;;;;;;;;;;;;;;;;;;;
POINT (16.9046121 48.0166373);n2121782374;2121782374;node;wind_turbine;Dewind D8;2.0 MW;wind;generator;NE2;horizontal_axis;;;;;;;;;;;;;;;;;;;;;;;;;;;;;;;;;;;;;;;;;;;;;;;;
POINT (16.8972907 48.0247528);n2121782379;2121782379;node;wind_turbine;Dewind D8;2.0 MW;wind;generator;NE14;horizontal_axis;;;;;;;;;;;;;;;;;;;;;;;;;;;;;;;;;;;;;;;;;;;;;;;;
POINT (16.8987311 48.0298607);n2121782381;2121782381;node;wind_turbine;Vestas V 80;2.0 MW;wind;generator;NE20;horizontal_axis;;;;;;;;;;;;;;;;;;;;;;;;;;;;;;;;;;;;;;;;;;;;;;;;
POINT (17.0425089 47.7918786);n2123478194;2123478194;node;wind_turbine;;3 MW;wind;generator;W-07265-037;;;;119,4;;;;;;;;;;;;;;;;;;;;;;;;;;;;;;;;;;;;;;;;;;;;;
POINT (17.0488625 47.794884);n2123478195;2123478195;node;wind_turbine;;3 MW;wind;generator;W-07265-036;;;;;;;;;;;;;;;;;;;;;;;;;;;;;;;;;;;;;;;;;;;;;;;;;
POINT (17.0377522 47.795938);n2123478196;2123478196;node;wind_turbine;;3 MW;wind;generator;W-07265-035;;;;118,95;;;;;;;;;;;;;;;;;;;;;;;;;;;;;;;;;;;;;;;;;;;;;
POINT (17.043248 47.798205);n2123478197;2123478197;node;wind_turbine;;3 MW;wind;generator;W-07265-034;;;;119,73;;;;;;;;;;;;;;;;;;;;;;;;;;;;;;;;;;;;;;;;;;;;;
POINT (17.051745 47.799137);n2123478198;2123478198;node;wind_turbine;;3 MW;wind;generator;W-07265-033;;;;118,65;;;;;;;;;;;;;;;;;;;;;;;;;;;;;;;;;;;;;;;;;;;;;
POINT (17.0344477 47.8004359);n2123478199;2123478199;node;wind_turbine;;3 MW;wind;generator;W-07265-024;horizontal_axis;;;121,17;;;;;;;;;;;;;;;;;;;;;;;;;;;;;;;;;;;;;;;;;;;;;
POINT (17.0397411 47.8019728);n2123478200;2123478200;node;wind_turbine;;3 MW;wind;generator;W-07265-025;horizontal_axis;;;121,5;;;;;;;;;;;;;;;;;;;;;;;;;;;;;;;;;;;;;;;;;;;;;
POINT (17.046971 47.802875);n2123478201;2123478201;node;wind_turbine;;3 MW;wind;generator;W-07265-026;horizontal_axis;;;119,69;;;;;;;;;;;;;;;;;;;;;;;;;;;;;;;;;;;;;;;;;;;;;
POINT (17.054824 47.8028981);n2123478202;2123478202;node;wind_turbine;;3 MW;wind;generator;W-07265-032;;;;119,11;;;;;;;;;;;;;;;;;;;;;;;;;;;;;;;;;;;;;;;;;;;;;
POINT (17.060581 47.803885);n2123478203;2123478203;node;wind_turbine;;3 MW;wind;generator;W-07265-031;;;;119,45;;;;;;;;;;;;;;;;;;;;;;;;;;;;;;;;;;;;;;;;;;;;;
POINT (17.0338825 47.8048106);n2123478205;2123478205;node;wind_turbine;;3 MW;wind;generator;W-07265-023;horizontal_axis;;;120,98;;;;;;;;;;;;;;;;;;;;;;;;;;;;;;;;;;;;;;;;;;;;;
POINT (17.0647632 47.8069118);n2123478207;2123478207;node;wind_turbine;;3 MW;wind;generator;W-07265-030;;;;120,1;;;;;;;;;;;;;;;;;;;;;;;;;;;;;;;;;;;;;;;;;;;;;
POINT (17.0468671 47.8072028);n2123478208;2123478208;node;wind_turbine;;3 MW;wind;generator;W-07265-021;;;;;;;;;;;;;;;;;;;;;;;;;;;;;;;;;;;;;;;;;;;;;;;;;
POINT (17.0389898 47.8075365);n2123478209;2123478209;node;wind_turbine;;3 MW;wind;generator;W-07265-022;;;;120,91;;;;;;;;;;;;;;;;;;;;;;;;;;;;;;;;;;;;;;;;;;;;;
POINT (17.058602 47.8076359);n2123478210;2123478210;node;wind_turbine;;3 MW;wind;generator;W-07265-027;;;;119,85;;;;;;;;;;;;;;;;;;;;;;;;;;;;;;;;;;;;;;;;;;;;;
POINT (17.070111 47.809771);n2123478213;2123478213;node;wind_turbine;;3 MW;wind;generator;W-07265-029;;;;120,25;;;;;;;;;;;;;;;;;;;;;;;;;;;;;;;;;;;;;;;;;;;;;
POINT (17.051286 47.8097051);n2123478214;2123478214;node;wind_turbine;;3 MW;wind;generator;;;;;;;;;;;;;;;;;;;;;;;;;;;;;;;;;;;;;;;;;;;;;;;;;;
POINT (17.0653582 47.8112397);n2123478215;2123478215;node;wind_turbine;;3 MW;wind;generator;W-07265-028;;;;120,28;;;;;;;;;;;;;;;;;;;;;;;;;;;;;;;;;;;;;;;;;;;;;
POINT (17.0355716 47.812063);n2123478216;2123478216;node;wind_turbine;;3 MW;wind;generator;W-07265-011;;;;121,7;;;;;;;;;;;;;;;;;;;;;;;;;;;;;;;;;;;;;;;;;;;;;
POINT (17.0576129 47.8127429);n2123478219;2123478219;node;wind_turbine;;3 MW;wind;generator;W-07265-019;;;;120,45;;;;;;;;;;;;;;;;;;;;;;;;;;;;;;;;;;;;;;;;;;;;;
POINT (17.0461245 47.8140896);n2123478220;2123478220;node;wind_turbine;;3 MW;wind;generator;W-07265-016;;;;;;;;;;;;;;;;;;;;;;;;;;;;;;;;;;;;;;;;;;;;;;;;;
POINT (17.0522085 47.8145733);n2123478222;2123478222;node;wind_turbine;;3 MW;wind;generator;W-07265-017;;;;;;;;;;;;;;;;;;;;;;;;;;;;;;;;;;;;;;;;;;;;;;;;;
POINT (17.0395097 47.8149327);n2123478223;2123478223;node;wind_turbine;;3 MW;wind;generator;W-07265-010;;;;122,61;;;;;;;;;;;;;;;;;;;;;;;;;;;;;;;;;;;;;;;;;;;;;
POINT (17.0262146 47.8159207);n2123478224;2123478224;node;wind_turbine;;3 MW;wind;generator;W-07265-038;;;;;;;;;;;;;;;;;;;;;;;;;;;;;;;;;;;;;;;;;;;;;;;;;
POINT (17.0588568 47.8168797);n2123478225;2123478225;node;wind_turbine;;3 MW;wind;generator;W-07265-018;;;;;;;;;;;;;;;;;;;;;;;;;;;;;;;;;;;;;;;;;;;;;;;;;
POINT (17.0316691 47.8174264);n2123478226;2123478226;node;wind_turbine;;3 MW;wind;generator;W-07265-012;;;;;;;;;;;;;;;;;;;;;;;;;;;;;;;;;;;;;;;;;;;;;;;;;
POINT (17.0456357 47.8178259);n2123478227;2123478227;node;wind_turbine;;3 MW;wind;generator;W-07265-009;;;;;;;;;;;;;;;;;;;;;;;;;;;;;;;;;;;;;;;;;;;;;;;;;
POINT (17.0536448 47.8185806);n2123478229;2123478229;node;wind_turbine;;3 MW;wind;generator;W-07265-008;;;;;;;;;;;;;;;;;;;;;;;;;;;;;;;;;;;;;;;;;;;;;;;;;
POINT (17.0375124 47.819023);n2123478231;2123478231;node;wind_turbine;;3 MW;wind;generator;W-07265-013;;;;;;;;;;;;;;;;;;;;;;;;;;;;;;;;;;;;;;;;;;;;;;;;;
POINT (17.0237198 47.8198777);n2123478232;2123478232;node;wind_turbine;;3 MW;wind;generator;PSP015;horizontal_axis;;;;;;;;;;;;;;;;;;;;;;;;;;;;;;;;;;;;;;;;;;;;;;;;
POINT (17.0292419 47.8213878);n2123478235;2123478235;node;wind_turbine;;3 MW;wind;generator;W-07265-014;horizontal_axis;;;;;;;;;;;;;;;;;;;;;;;;;;;;;;;;;;;;;;;;;;;;;;;;
POINT (17.049887 47.8213211);n2123478236;2123478236;node;wind_turbine;;3 MW;wind;generator;W-07265-005;;;;;;;;;;;;;;;;;;;;;;;;;;;;;;;;;;;;;;;;;;;;;;;;;
POINT (17.0433921 47.8221979);n2123478239;2123478239;node;wind_turbine;;3 MW;wind;generator;W-07265-004;;;;;;;;;;;;;;;;;;;;;;;;;;;;;;;;;;;;;;;;;;;;;;;;;
POINT (17.0350113 47.8229747);n2123478240;2123478240;node;wind_turbine;;3 MW;wind;generator;W-07265-015;horizontal_axis;;;;;;;;;;;;;;;;;;;;;;;;;;;;;;;;;;;;;;;;;;;;;;;;
POINT (17.0529259 47.8229369);n2123478241;2123478241;node;wind_turbine;;3 MW;wind;generator;W-07265-006;;;;123,98;;;;;;;;;;;;;;;;;;;;;;;;;;;;;;;;;;;;;;;;;;;;;
POINT (17.0211875 47.823866);n2123478242;2123478242;node;wind_turbine;;3 MW;wind;generator;PSP012;horizontal_axis;;;;;;;;;;;;;;;;;;;;;;;;;;;;;;;;;;;;;;;;;;;;;;;;
POINT (17.0560356 47.8240949);n2123478244;2123478244;node;wind_turbine;;3 MW;wind;generator;W-07265-007;;;;124,24;;;;;;;;;;;;;;;;;;;;;;;;;;;;;;;;;;;;;;;;;;;;;
POINT (17.0267089 47.8253913);n2123478245;2123478245;node;wind_turbine;;3 MW;wind;generator;PSP013;horizontal_axis;;;;;;;;;;;;;;;;;;;;;;;;;;;;;;;;;;;;;;;;;;;;;;;;
POINT (17.0405623 47.8255139);n2123478247;2123478247;node;wind_turbine;;3 MW;wind;generator;W-07265-002;horizontal_axis;;;;;;;;;;;;;;;;;;;;;;;;;;;;;;;;;;;;;;;;;;;;;;;;
POINT (17.0124038 47.8262357);n2123478248;2123478248;node;wind_turbine;;3 MW;wind;generator;PSP005;;;;;;;;;;;;;;;;;;;;;;;;;;;;;;;;;;;;;;;;;;;;;;;;;
POINT (17.0493988 47.8266562);n2123478249;2123478249;node;wind_turbine;;3 MW;wind;generator;W-07265-003;;;;;;;;;;;;;;;;;;;;;;;;;;;;;;;;;;;;;;;;;;;;;;;;;
POINT (17.0324937 47.8269877);n2123478250;2123478250;node;wind_turbine;;3 MW;wind;generator;PSP014;horizontal_axis;;;;;;;;;;;;;;;;;;;;;;;;;;;;;;;;;;;;;;;;;;;;;;;;
POINT (17.0185991 47.8279459);n2123478251;2123478251;node;wind_turbine;;3 MW;wind;generator;PSP006;horizontal_axis;;;;;;;;;;;;;;;;;;;;;;;;;;;;;;;;;;;;;;;;;;;;;;;;
POINT (17.0370273 47.8285278);n2123478252;2123478252;node;wind_turbine;;3 MW;wind;generator;W-06973-020;horizontal_axis;;;;;;;;;;;;;;;;;;;;;;;;;;;;;;;;;;;;;;;;;;;;;;;;
POINT (17.0242498 47.8295065);n2123478253;2123478253;node;wind_turbine;;3 MW;wind;generator;PSP007;horizontal_axis;;;;;;;;;;;;;;;;;;;;;;;;;;;;;;;;;;;;;;;;;;;;;;;;
POINT (17.0416756 47.8297716);n2123478255;2123478255;node;wind_turbine;;3 MW;wind;generator;W-07265-001;;;;;;;;;;;;;;;;;;;;;;;;;;;;;;;;;;;;;;;;;;;;;;;;;
POINT (17.0299129 47.8310729);n2123478256;2123478256;node;wind_turbine;;3 MW;wind;generator;PSP008;horizontal_axis;;;;;;;;;;;;;;;;;;;;;;;;;;;;;;;;;;;;;;;;;;;;;;;;
POINT (17.0464452 47.8322088);n2123478258;2123478258;node;wind_turbine;;3 MW;wind;generator;W-06973-013;;;;;;;;;;;;;;;;;;;;;;;;;;;;;;;;;;;;;;;;;;;;;;;;;
POINT (17.0363696 47.8322186);n2123478259;2123478259;node;wind_turbine;;3 MW;wind;generator;W-06973-019;horizontal_axis;;;;;;;;;;;;;;;;;;;;;;;;;;;;;;;;;;;;;;;;;;;;;;;;
POINT (17.0082309 47.8331031);n2123478260;2123478260;node;;;3 MW;wind;generator;W-06973-031;;;;;;;;;;;;;;;;;;;;;;;;;;;;;;;;;;;;;;;;;;;;;;;;;
POINT (17.0203091 47.8333626);n2123478261;2123478261;node;wind_turbine;;3 MW;wind;generator;;horizontal_axis;;;;;;;;;;;;;;;;;;;;;;;;;;;;;;;;;;;;;;;;;;;;;;;;
POINT (17.0140529 47.834772);n2123478262;2123478262;node;;;3 MW;wind;generator;W-06973-027;;;;;;;;;;;;;;;;;;;;;;;;;;;;;;;;;;;;;;;;;;;;;;;;;
POINT (17.0259628 47.834922);n2123478263;2123478263;node;wind_turbine;;3 MW;wind;generator;;;;;;;;;;;;;;;;;;;;;;;;;;;;;;;;;;;;;;;;;;;;;;;;;;
POINT (17.0349888 47.8364809);n2123478266;2123478266;node;wind_turbine;;3 MW;wind;generator;W-06973-018;;;;;;;;;;;;;;;;;;;;;;;;;;;;;;;;;;;;;;;;;;;;;;;;;
POINT (17.0026126 47.8370921);n2123478267;2123478267;node;;;3 MW;wind;generator;W-06973-030;;;;;;;;;;;;;;;;;;;;;;;;;;;;;;;;;;;;;;;;;;;;;;;;;
POINT (17.0461764 47.8368303);n2123478268;2123478268;node;wind_turbine;;3 MW;wind;generator;W-06973-012;;;;;;;;;;;;;;;;;;;;;;;;;;;;;;;;;;;;;;;;;;;;;;;;;
POINT (17.008702 47.8374317);n2123478269;2123478269;node;wind_turbine;;3 MW;wind;generator;W-06973-026;horizontal_axis;;;;;;;;;;;;;;;;;;;;;;;;;;;;;;;;;;;;;;;;;;;;;;;;
POINT (17.0393702 47.8387694);n2123478271;2123478271;node;wind_turbine;;3 MW;wind;generator;W-06973-011;;;;;;;;;;;;;;;;;;;;;;;;;;;;;;;;;;;;;;;;;;;;;;;;;
POINT (17.0268211 47.8389338);n2123478282;2123478282;node;wind_turbine;;3 MW;wind;generator;W-06973-017;horizontal_axis;;;;;;;;;;;;;;;;;;;;;;;;;;;;;;;;;;;;;;;;;;;;;;;;
POINT (17.0169918 47.8391101);n2123478286;2123478286;node;wind_turbine;;3 MW;wind;generator;W-06973-024;horizontal_axis;;;;;;;;;;;;;;;;;;;;;;;;;;;;;;;;;;;;;;;;;;;;;;;;
POINT (16.9957311 47.8401989);n2123478289;2123478289;node;wind_turbine;;3 MW;wind;generator;W-06973-029;horizontal_axis;;;;;;;;;;;;;;;;;;;;;;;;;;;;;;;;;;;;;;;;;;;;;;;;
POINT (17.0325052 47.8404104);n2123478293;2123478293;node;wind_turbine;;3 MW;wind;generator;W-06973-010;;;;;;;;;;;;;;;;;;;;;;;;;;;;;;;;;;;;;;;;;;;;;;;;;
POINT (17.0093142 47.8416696);n2123478296;2123478296;node;wind_turbine;;3 MW;wind;generator;W-06973-023;horizontal_axis;;;;;;;;;;;;;;;;;;;;;;;;;;;;;;;;;;;;;;;;;;;;;;;;
POINT (17.0025337 47.8417479);n2123478299;2123478299;node;wind_turbine;;3 MW;wind;generator;W-06973-025;horizontal_axis;;;;;;;;;;;;;;;;;;;;;;;;;;;;;;;;;;;;;;;;;;;;;;;;
POINT (17.0200644 47.842278);n2123478301;2123478301;node;wind_turbine;;3 MW;wind;generator;W-06973-016;horizontal_axis;;;;;;;;;;;;;;;;;;;;;;;;;;;;;;;;;;;;;;;;;;;;;;;;
POINT (17.0266232 47.8434537);n2123478302;2123478302;node;wind_turbine;;3 MW;wind;generator;W-06973-009;horizontal_axis;;;;;;;;;;;;;;;;;;;;;;;;;;;;;;;;;;;;;;;;;;;;;;;;
POINT (16.9961778 47.8441562);n2123478303;2123478303;node;wind_turbine;;3 MW;wind;generator;W-06973-028;horizontal_axis;;;;;;;;;;;;;;;;;;;;;;;;;;;;;;;;;;;;;;;;;;;;;;;;
POINT (17.0372051 47.8441141);n2123478306;2123478306;node;wind_turbine;;3 MW;wind;generator;W-06973-005;;;;;;;;;;;;;;;;;;;;;;;;;;;;;;;;;;;;;;;;;;;;;;;;;
POINT (17.0145036 47.8450391);n2123478309;2123478309;node;wind_turbine;;3 MW;wind;generator;W-06973-015;;;;;;;;;;;;;;;;;;;;;;;;;;;;;;;;;;;;;;;;;;;;;;;;;
POINT (17.0055238 47.8460872);n2123478312;2123478312;node;wind_turbine;;3 MW;wind;generator;W-06973-022;horizontal_axis;;;;;;;;;;;;;;;;;;;;;;;;;;;;;;;;;;;;;;;;;;;;;;;;
POINT (17.0198224 47.8469613);n2123478316;2123478316;node;wind_turbine;;3 MW;wind;generator;W-06973-008;horizontal_axis;;;;;;;;;;;;;;;;;;;;;;;;;;;;;;;;;;;;;;;;;;;;;;;;
POINT (17.0304069 47.8473779);n2123478319;2123478319;node;wind_turbine;;3 MW;wind;generator;W-06973-004;;;;;;;;;;;;;;;;;;;;;;;;;;;;;;;;;;;;;;;;;;;;;;;;;
POINT (16.9983676 47.8483304);n2123478323;2123478323;node;wind_turbine;;3 MW;wind;generator;W-06973-021;horizontal_axis;;;;;;;;;;;;;;;;;;;;;;;;;;;;;;;;;;;;;;;;;;;;;;;;
POINT (17.0095026 47.8487182);n2123478326;2123478326;node;wind_turbine;;3 MW;wind;generator;W-06973-014;horizontal_axis;;;;;;;;;;;;;;;;;;;;;;;;;;;;;;;;;;;;;;;;;;;;;;;;
POINT (17.0243839 47.8502849);n2123478330;2123478330;node;wind_turbine;;3 MW;wind;generator;W-06973-003;;;;;;;;;;;;;;;;;;;;;;;;;;;;;;;;;;;;;;;;;;;;;;;;;
POINT (17.0148207 47.850277);n2123478333;2123478333;node;wind_turbine;;3 MW;wind;generator;W-06973-007;horizontal_axis;;;;;;;;;;;;;;;;;;;;;;;;;;;;;;;;;;;;;;;;;;;;;;;;
POINT (17.0060794 47.8525792);n2123478336;2123478336;node;wind_turbine;;3 MW;wind;generator;W-06973-006;horizontal_axis;;;;;;;;;;;;;;;;;;;;;;;;;;;;;;;;;;;;;;;;;;;;;;;;
POINT (17.0176566 47.8535137);n2123478340;2123478340;node;wind_turbine;;3 MW;wind;generator;W-06973-002;horizontal_axis;;;;;;;;;;;;;;;;;;;;;;;;;;;;;;;;;;;;;;;;;;;;;;;;
POINT (17.0102788 47.8550762);n2123478344;2123478344;node;wind_turbine;;3 MW;wind;generator;W-06973-001;;;;;;;;;;;;;;;;;;;;;;;;;;;;;;;;;;;;;;;;;;;;;;;;;
POINT (17.0060195 48.0827804);n2171765892;2171765892;node;wind_turbine;General Electric 2.5xl;2.5 MW;wind;generator;Ö1;horizontal_axis;;;;;;;;;;;;;;;;;;;;;;;;;;;;;;;;;;;;;;;;;;;;;;;;
POINT (17.0104666 48.0861466);n2171765902;2171765902;node;wind_turbine;General Electric 2.5xl;2.5 MW;wind;generator;Ö3;horizontal_axis;;;;;;;;;;;;;;;;;;;;;;;;;;;;;;;;;;;;;;;;;;;;;;;;
POINT (16.8211228 48.0652522);n2172105986;2172105986;node;wind_turbine;Enercon E-101;3.0 MW;wind;generator;;horizontal_axis;;;;;;;;;;;;;;;;;;;;;;;;;;;;;;;;;;;;;;;;;;;;;;;;
POINT (16.8231311 48.067735);n2172105987;2172105987;node;wind_turbine;Enercon E-101;3.0 MW;wind;generator;;horizontal_axis;;;;;;;;;;;;;;;;;;;;;;;;;;;;;;;;;;;;;;;;;;;;;;;;
POINT (16.8161057 48.0688733);n2172105988;2172105988;node;wind_turbine;Enercon E-101;3.0 MW;wind;generator;;horizontal_axis;;;;;;;;;;;;;;;;;;;;;;;;;;;;;;;;;;;;;;;;;;;;;;;;
POINT (16.8209764 48.0717966);n2172105990;2172105990;node;wind_turbine;Enercon E-101;3.0 MW;wind;generator;;horizontal_axis;;;;;;;;;;;;;;;;;;;;;;;;;;;;;;;;;;;;;;;;;;;;;;;;
POINT (16.8290408 48.0719525);n2172105991;2172105991;node;wind_turbine;Enercon E-101;3.0 MW;wind;generator;;horizontal_axis;;;;;;;;;;;;;;;;;;;;;;;;;;;;;;;;;;;;;;;;;;;;;;;;
POINT (16.8147921 48.072526);n2172105992;2172105992;node;wind_turbine;Enercon E-101;3.0 MW;wind;generator;;horizontal_axis;;;;;;;;;;;;;;;;;;;;;;;;;;;;;;;;;;;;;;;;;;;;;;;;
POINT (16.8161263 48.0753428);n2172105993;2172105993;node;wind_turbine;Enercon E-101;3.0 MW;wind;generator;;horizontal_axis;;;;;;;;;;;;;;;;;;;;;;;;;;;;;;;;;;;;;;;;;;;;;;;;
POINT (16.8248896 48.0760141);n2172105995;2172105995;node;wind_turbine;Enercon E-101;3.0 MW;wind;generator;;horizontal_axis;;;;;;;;;;;;;;;;;;;;;;;;;;;;;;;;;;;;;;;;;;;;;;;;
POINT (16.8194595 48.076992);n2172105996;2172105996;node;wind_turbine;Enercon E-101;3.0 MW;wind;generator;;horizontal_axis;;;;;;;;;;;;;;;;;;;;;;;;;;;;;;;;;;;;;;;;;;;;;;;;
POINT (16.8107343 48.077931);n2172105997;2172105997;node;wind_turbine;Enercon E-101;3.0 MW;wind;generator;;horizontal_axis;;;;;;;;;;;;;;;;;;;;;;;;;;;;;;;;;;;;;;;;;;;;;;;;
POINT (16.8139971 48.0796193);n2172105998;2172105998;node;wind_turbine;Enercon E-101;3.0 MW;wind;generator;;horizontal_axis;;;;;;;;;;;;;;;;;;;;;;;;;;;;;;;;;;;;;;;;;;;;;;;;
POINT (16.8211843 48.0804893);n2172106000;2172106000;node;wind_turbine;Enercon E-101;3.0 MW;wind;generator;;horizontal_axis;;;;;;;;;;;;;;;;;;;;;;;;;;;;;;;;;;;;;;;;;;;;;;;;
POINT (16.3505 47.9330833);n2172198536;2172198536;node;wind_turbine;Enercon E-101;3.0 MW;wind;generator;2;horizontal_axis;;PSP002;219;;;;;;;;generator;;;;;;;;;;;;;;;;;;;;;;;;;;;;;;;;;;;;;
POINT (16.3534444 47.9352778);n2172198537;2172198537;node;wind_turbine;Enercon E-101;3.0 MW;wind;generator;1;horizontal_axis;;PSP001;217;;;;;Wien Energie;;;generator;;;;;;;;;;;;;;;;;;;;;;;;;;;;;;;;;;;;;
POINT (16.3553333 47.9286667);n2172224823;2172224823;node;wind_turbine;Enercon E-82 E2;2.3 MW;wind;generator;6;horizontal_axis;;PSP006;217;;;;;Wien Energie;;;generator;;;;;;;;;;;;;;;;;;;;;;;;;;;;;;;;;;;;;
POINT (16.3475 47.9307222);n2172224829;2172224829;node;wind_turbine;Enercon E-82 E2;2.3 MW;wind;generator;3;horizontal_axis;;PSP003;220;;;;;Wien Energie;;;generator;;;;;;;;;;;;;;;;;;;;;;;;;;;;;;;;;;;;;
POINT (16.3589722 47.9308056);n2172224831;2172224831;node;wind_turbine;Enercon E-101;3.0 MW;wind;generator;5;horizontal_axis;;PSP005;215;;;;;Wien Energie;;;generator;;;;;;;;;;;;;;;;;;;;;;;;;;;;;;;;;;;;;
POINT (16.3580278 47.9363333);n2172224835;2172224835;node;wind_turbine;Enercon E-101;3.0 MW;wind;generator;4;horizontal_axis;;PSP004;215;;;;;Wien Energie;;;generator;;;;;;;;;;;;;;;;;;;;;;;;;;;;;;;;;;;;;
POINT (16.3631111 47.9266667);n2173672083;2173672083;node;wind_turbine;Enercon E-82 E2;2.3 MW;wind;generator;11;horizontal_axis;;PSP011;216;;;;;Wien Energie;;;generator;;;;;;;;;;;;;;;;;;;;;;;;;;;;;;;;;;;;;
POINT (16.3656389 47.9288333);n2173672086;2173672086;node;wind_turbine;Enercon E-101;3.0 MW;wind;generator;15;horizontal_axis;;PSP015;215;;;;;Wien Energie;;;generator;;;;;;;;;;;;;;;;;;;;;;;;;;;;;;;;;;;;;
POINT (16.3649444 47.9319722);n2173672087;2173672087;node;wind_turbine;Enercon E-101;3.0 MW;wind;generator;10;horizontal_axis;;PSP010;214;;;;;Wien Energie;;;generator;;;;;;;;;;;;;;;;;;;;;;;;;;;;;;;;;;;;;
POINT (16.3702778 47.9321667);n2173672088;2173672088;node;wind_turbine;Enercon E-101;3.0 MW;wind;generator;14;horizontal_axis;;PSP014;214;;;;;Wien Energie;;;generator;;;;;;;;;;;;;;;;;;;;;;;;;;;;;;;;;;;;;
POINT (16.3736389 47.9343056);n2173672090;2173672090;node;wind_turbine;Enercon E-101;3.0 MW;wind;generator;13;horizontal_axis;;PSP013;212;;;;;;;;generator;;;;;;;;;;;;;;;;;;;;;;;;;;;;;;;;;;;;;
POINT (16.37575 47.9366111);n2173672095;2173672095;node;wind_turbine;Enercon E-101;3.0 MW;wind;generator;12;horizontal_axis;;PSP012;211;;;;;Wien Energie;;;generator;;;;;;;;;;;;;;;;;;;;;;;;;;;;;;;;;;;;;
POINT (16.3653056 47.93675);n2173672099;2173672099;node;wind_turbine;Enercon E-101;3.0 MW;wind;generator;9;horizontal_axis;;PSP009;213;;;;;Wien Energie;;;generator;;;;;;;;;;;;;;;;;;;;;;;;;;;;;;;;;;;;;
POINT (16.3673333 47.9393611);n2173672103;2173672103;node;wind_turbine;Enercon E-101;3.0 MW;wind;generator;8;horizontal_axis;;PSP008;212;;;;;Wien Energie;;;generator;;;;;;;;;;;;;;;;;;;;;;;;;;;;;;;;;;;;;
POINT (16.37125 47.9409167);n2173672105;2173672105;node;wind_turbine;Enercon E-101;3.0 MW;wind;generator;7;horizontal_axis;;PSP007;211;;;;;Wien Energie;;;generator;;;;;;;;;;;;;;;;;;;;;;;;;;;;;;;;;;;;;
POINT (9.9405405 47.4775165);n2238213834;2238213834;node;;;;;plant;;;;Kleinwasserkraftwerk Bolgenach;;hydro;;;;Vorarlberger Kraftwerke AG;;;;run-of-the-river;142 kW;;;;;;;;;;;;;;;;;;;;;;;;;;;;;;;;;;;
POINT (14.6820573 48.3137753);n2264612490;2264612490;node;;;;;terminal;;;;;;;;;;E-Werk Perg;;;;;;;;;;;;;;;;;;;;;;;;;;;;;;;;;;;;;;;;
POINT (12.1397822 47.5602701);n2339925998;2339925998;node;;;;;;;;gate;;;;;;;;;;;;;;;;;;;;;;;;;;;;;;;;;;;;;;;;;;;;;;;
POINT (13.9892476 48.4435049);n2373625515;2373625515;node;;;;;;;;;Stollenfenster 2;;;;;;;;;;;;no;adit;;;;;;;;;;;;;;;;;;;;;;;;;;;;;;;;;
POINT (12.6267822 47.1691786);n2402354429;2402354429;node;;;;;;;;;;;;;;;;;;;;;;;yes;;;;;;;;;;;;;;;;;;;;;;;;;;;;;;;;
POINT (12.5771922 46.9285665);n2444956358;2444956358;node;;;yes;hydro;generator;;;;;;;;;;;;;;;;;;;;;;;;;;;;;;;;;;;;;;;;;;;;;;;;;;
POINT (13.7430039 46.5650161);n2500689426;2500689426;node;;;;;terminal;;;;;;;;;;;;;;;;;;;;;;;;;;;;;;;;;;;;;;;;;;;;;;;;;;
POINT (16.3402421 48.335668);n2574939160;2574939160;node;;;;;;S ?;;;;;;;;;;;;;;;;;;post;wall;?;"0.0;0.0;1.3";gas;gas;;;;;;;;;;;;;;;;;;;;;;;;;;
POINT (13.4548795 46.9828512);n2593911450;2593911450;node;;;;;terminal;;;;;;;;;;;;;;;;;;;;;;;;;;;;;;;;;;;;;;;;;;;;;;;;;;
POINT (15.3920926 47.1085831);n2642718448;2642718448;node;;;;;plant;;kaplan_turbine;;Kraftwerk Weinzödl;;hydro;;;;Verbund Hydro Power GmbH;;;;run-of-the-river;19 MW;;;;;;;;;;1982;https://www.verbund.com/pp/de/laufkraftwerk/weinzoedl;Q12790974;;;;;;;;;;;;;;;;;;;;;;;
POINT (12.6263703 47.1695809);n2902442240;2902442240;node;;;;;;;;;;;;;;;;;;;;;;;yes;;;;;;;;;;;;;;;;;;;;;;;;;;;;;;;;
POINT (14.8670221 48.113023);n2940838336;2940838336;node;;;;;;;;gate;;;;;;;;;;;;;;;;;;;;;;;;;;;;;;;;;;;;;;;;;;;;;;;
POINT (16.9882209 47.9685567);n2963298746;2963298746;node;;;;wind;generator;;;;;;;;;;;;;;;;;;;;;;;;;;;;;;;;;;;;;;;;;;;;;;;;;;
POINT (12.0890502 47.5160845);n3004617866;3004617866;node;;;;;;;;gate;;;;;;;;;;;;;;;;;;;;;;;;;;;;;;;;;;;;;;;;;;;;;;;
POINT (13.0647371 47.9871527);n3384103025;3384103025;node;;;;;;;;gate;;;;private;;;;;;;;;;;;;;;;;;;;;2;4;;;;;;;;;;;;;;;;;;;;;
POINT (16.3378037 48.3322887);n3396133668;3396133668;node;;;;;;;;gate;;;;;;;;;;;;;;;;;;;;;;;;;;;;;;;;;;;;;;;;;;;;;;;
POINT (15.3120271 47.2826649);n3405380366;3405380366;node;;;;;;;;;;;;;;;;main;;;;;;;;;;;;;;;;;;;;;;;;;;;;;;;;;;;;;;;
POINT (12.2292431 47.2440769);n3952117136;3952117136;node;;;;;;;;gate;;;;;;;;;;;;;;;;;;;;;;;;;;;;;;;;;;;;;;;;;;;;;;;
POINT (16.3589551 48.2353293);n4053319590;4053319590;node;;;;;;;;gate;;;;;;;;;;;;;;;;;;;;;;;;;;;;;;;;;;;;;;;;;;;;;;;
POINT (14.7232442 47.1742249);n4168193147;4168193147;node;;;;;plant;;;;Kraftwerk Fisching;;hydro;;;;Verbund Hydro Power GmbH;;;;run-of-the-river;22 MW;;;;;;;;;;1995;;;;;;;;;;;;;;;;;;;;;;;;;
POINT (16.4636378 48.1970177);n4753388639;4753388639;node;;;;;;;;gate;;;;;;;;;;;;;;;;;;;;;;;;;;;;;;;;;;;;;;;;;;;;;;;
POINT (16.3564877 47.9607667);n4827853638;4827853638;node;wind_turbine;;3300 KW;wind;generator;;horizontal_axis;;;;;;;196;;;;;;;;;;;;;;;;24.11.2017;;;;;yes;140 m;Vestas;V112;112 m;;;;;;;;;;;;;;;;
POINT (16.3616791 47.9588389);n4827853639;4827853639;node;wind_turbine;;3300 KW;wind;generator;;horizontal_axis;;;;;;;196;;;;;;;;;;;;;;;;24.11.2017;;;;;;140 m;Vestas;V112;112 m;;;;;;;;;;;;;;;;
POINT (14.6820402 48.313796);n4874970445;4874970445;node;;;;;terminal;;;;;;;;;;E-Werk Perg;;;;;;;;;;;;;;;;;;;;;;;;;;;;;;;;;;;;;;;;
POINT (13.9484692 47.4340434);n5042646016;5042646016;node;;;;;;;;gate;;;;;;;;;;;;;;;;;;;;;;;;;;;;;;;;;;;;;;;;;;;;;;;
POINT (16.4367184 48.1796518);n5513837943;5513837943;node;;;;;;;;gate;;;;private;;;;;;;;;;;;;;;;;;;;;;;;;;;;;;;;;;;;;;;;;;;
POINT (13.3127433 46.872782);n5644555577;5644555577;node;;;;;terminal;;;;;;;;;;;;;;;;;;yes;;;;;;;;;;;;;;;;;;;;;;;;;;;;;;;;
POINT (13.31276 46.8728027);n5644555578;5644555578;node;;;;;terminal;;;;;;;;;;;;;;;;;;yes;;;;;;;;;;;;;;;;;;;;;;;;;;;;;;;;
POINT (13.5937404 46.7393882);n5646212600;5646212600;node;;;;;terminal;;;;;;;;;;;;;;;;;;yes;;;;;;;;;;;;;;;;;;;;;;;;;;;;;;;;
POINT (13.7254461 46.6697386);n5680426516;5680426516;node;;;;;;;;;;;;;;;;;weir;;;;;;;;;;;;;;;;;;;;;;;;;;;;;;;;;;;;;;
POINT (13.8292174 46.6329891);n5683331159;5683331159;node;;;;;;;;;;;;;;;;;weir;;;;;;;;;;;;;;;;;;;;;;;;;;;;;;;;;;;;;;
POINT (16.4353729 48.2115236);n5720823253;5720823253;node;;;;;;;;gate;;;;private;;;;;;;;;;;;;;;;;;;;;;;;;;;;;;;;;;;;;;;;;;;
POINT (13.6394257 46.675592);n5747619314;5747619314;node;;;;;terminal;;;;;;;;;;;;;;;;;;;;;;;;;;;;;;;;;;;;;;;;;;;;;;;;;;
POINT (13.6635134 46.6850246);n5747619319;5747619319;node;;;;;terminal;;;;;;;;;;;;;;;;;;;;;;;;;;;;;;;;;;;;;;;;;;;;;;;;;;
POINT (13.6394076 46.6755903);n5747647515;5747647515;node;;;;;terminal;;;;;;;;;;;;;;;;;;;;;;;;;;;;;;;;;;;;;;;;;;;;;;;;;;
POINT (13.3488632 46.6414036);n5760441698;5760441698;node;;;;;terminal;;;;;;;;;;;;;;;;;;;;;;;;;;;;;;;;;;;;;;;;;;;;;;;;;;
POINT (13.7584243 46.5600658);n5761932805;5761932805;node;;;;;terminal;;;;;;;;;;;;;;;;;;;;;;;;;;;;;;;;;;;;;;;;;;;;;;;;;;
POINT (13.0273696 46.6522003);n5771671860;5771671860;node;;;;;terminal;;;;;;;;;;;;;;;;;;;;;;;;;;;;;;;;;;;;;;;;;;;;;;;;;;
POINT (12.8734795 47.0372492);n5777524654;5777524654;node;;;;;terminal;;;;;;;;;;;;;;;;;;;;;;;;;;;;;;;;;;;;;;;;;;;;;;;;;;
POINT (12.8544907 47.028923);n5777524683;5777524683;node;;;;;terminal;;;;;;;;;;;;;;;;;;;;;;;;;;;;;;;;;;;;;;;;;;;;;;;;;;
POINT (12.8581452 47.0294692);n5777524696;5777524696;node;;;;;terminal;;;;;;;;;;;;;;;;;;;;;;;;;;;;;;;;;;;;;;;;;;;;;;;;;;
POINT (12.8733647 47.0373136);n5777524704;5777524704;node;;;;;terminal;;;;;;;;;;;;;;;;;;;;;;;;;;;;;;;;;;;;;;;;;;;;;;;;;;
POINT (12.9974633 46.7551842);n5782858027;5782858027;node;;;;;terminal;;;;;;;;;;;;;;;;;;;;;;;;;;;;;;;;;;;;;;;;;;;;;;;;;;
POINT (12.9843557 46.6993803);n5790577166;5790577166;node;;;;;terminal;;;;;;;;;;;;;;;;;;;;;;;;;;;;;;;;;;;;;;;;;;;;;;;;;;
POINT (12.9843652 46.6993966);n5790577170;5790577170;node;;;;;terminal;;;;;;;;;;;;;;;;;;;;;;;;;;;;;;;;;;;;;;;;;;;;;;;;;;
POINT (13.8284595 46.7156025);n5794346235;5794346235;node;;;;;terminal;;;;;;;;;;;;;;;;;;;;;;;;;;;;;;;;;;;;;;;;;;;;;;;;;;
POINT (13.8284153 46.7155983);n5794346583;5794346583;node;;;;;terminal;;;;;;;;;;;;;;;;;;;;;;;;;;;;;;;;;;;;;;;;;;;;;;;;;;
POINT (14.022833 46.7595661);n5809936532;5809936532;node;;;;;terminal;;;;;;;;;;;;;;;;;;;;;;;;;;;;;;;;;;;;;;;;;;;;;;;;;;
POINT (14.0227904 46.7595588);n5809936540;5809936540;node;;;;;terminal;;;;;;;;;;;;;;;;;;;;;;;;;;;;;;;;;;;;;;;;;;;;;;;;;;
POINT (15.098053 47.9414327);n5881457388;5881457388;node;;;;;;;;gate;;;;;;;;;;;;;;;;;;;;;;;;;;;;;;;;;;;;;;;;;;;;;;;
POINT (16.97981 47.9726284);n5984272590;5984272590;node;;;;wind;generator;;;;;;;;;;;;;;;;;;;;;;;;;;;;;;;;;;;;;;;;;;;;;;;;;;
POINT (16.6463564 48.3551061);n6218864269;6218864269;node;wind_turbine;;2000 kW;wind;generator;;horizontal_axis;;;;;;;150;W.E.B.;;;;;;;;;;;;;;;02.12.2015;;;;;;100 m;Vestas;V100;100 m;;;;;;;;;;;;;;;;
POINT (16.6419383 48.3530475);n6218864278;6218864278;node;wind_turbine;;2000 kW;wind;generator;;horizontal_axis;;;;;;;150;W.E.B.;;;;;;;;;;;;;;;02.12.2015;;;;;;100 m;Vestas;V100;100 m;;;;;;;;;;;;;;;;
POINT (16.3656251 47.9444111);n6218981717;6218981717;node;wind_turbine;;3300 KW;wind;generator;;horizontal_axis;;;;;;;196;;;;;;;;;;;;;;;;24.11.2017;;;;;;140 m;Vestas;V112;112 m;;;;;;;;;;;;;;;;
POINT (16.3657442 47.9482884);n6218981732;6218981732;node;wind_turbine;;3300 KW;wind;generator;;horizontal_axis;;;;;;;196;;;;;;;;;;;;;;;;24.11.2017;;;;;;140 m;Vestas;V112;112 m;;;;;;;;;;;;;;;;
POINT (16.3586313 47.9515514);n6218981754;6218981754;node;wind_turbine;;3300 KW;wind;generator;;horizontal_axis;;;;;;;196;;;;;;;;;;;;;;;;24.11.2017;;;;;;140 m;Vestas;V112;112 m;;;;;;;;;;;;;;;;
POINT (16.3615769 47.9544098);n6218981755;6218981755;node;wind_turbine;;3300 KW;wind;generator;;horizontal_axis;;;;;;;196;;;;;;;;;;;;;;;;24.11.2017;;;;;;140 m;Vestas;V112;112 m;;;;;;;;;;;;;;;;
POINT (12.6266593 47.1692986);n6563926525;6563926525;node;;;;;;;;;;;;;;;;;;;;;;;yes;;;;;;;;;;;;;;;;;;;;;;;;;;;;;;;;
POINT (12.6265795 47.1693765);n6563926528;6563926528;node;;;;;;;;;;;;;;;;;;;;;;;yes;;;;;;;;;;;;;;;;;;;;;;;;;;;;;;;;
POINT (12.6264054 47.1695466);n6563926530;6563926530;node;;;;;;;;;;;;;;;;;;;;;;;yes;;;;;;;;;;;;;;;;;;;;;;;;;;;;;;;;
POINT (12.626483 47.1694708);n6563926534;6563926534;node;;;;;;;;;;;;;;;;;;;;;;;yes;;;;;;;;;;;;;;;;;;;;;;;;;;;;;;;;
POINT (16.490027 47.9651001);n6611923464;6611923464;node;wind_turbine;;3.0 MW;wind;generator;;horizontal_axis;;SEI2;;;;;191;;;;;;;;;;;;;;;;;;;;;;133 m;Enercon;E-115;115 m;;;;;;;;;;;;;;;;
POINT (16.486995 47.9626868);n6611923465;6611923465;node;wind_turbine;;3.0 MW;wind;generator;;horizontal_axis;;SEI3;;;;;191;;;;;;;;;;;;;;;;;;;;;;133 m;Enercon;E-115;115 m;;;;;;;;;;;;;;;;
POINT (16.4974373 47.9675158);n6611923466;6611923466;node;wind_turbine;;3.0 MW;wind;generator;;horizontal_axis;;SEI4;;;;;191;;;;;;;;;;;;;;;;;;;;;;133 m;Enercon;E-115;115 m;;;;;;;;;;;;;;;;
POINT (16.4962647 47.9624266);n6611923467;6611923467;node;wind_turbine;;3.0 MW;wind;generator;;horizontal_axis;;SEI5;;;;;191;;;;;;;;;;;;;;;;;;;;;;133 m;Enercon;E-115;115 m;;;;;;;;;;;;;;;;
POINT (16.4866611 47.9580357);n6611923468;6611923468;node;wind_turbine;;3.0 MW;wind;generator;;horizontal_axis;;SEI8;;;;;191;;;;;;;;;;;;;;;;;;;;;;133 m;Enercon;E-115;115 m;;;;;;;;;;;;;;;;
POINT (16.4934998 47.9574198);n6611923469;6611923469;node;wind_turbine;;3.0 MW;wind;generator;;horizontal_axis;;SEI9;;;;;191;;;;;;;;;;;;;;;;;;;;;;133 m;Enercon;E-115;115 m;;;;;;;;;;;;;;;;
POINT (16.4954645 47.9537491);n6611923470;6611923470;node;wind_turbine;;3.0 MW;wind;generator;;horizontal_axis;;SEI10;;;;;191;;;;;;;;;;;;;;;;;;;;;;133 m;Enercon;E-115;115 m;;;;;;;;;;;;;;;;
POINT (15.5660082 46.8279297);n6736031788;6736031788;node;;;;;;;;;;;;private;;;;;;;;;;water_tap;;;;;;;;;;;;;;;;;;drinking_water;;;;;;;;;;;;;;;
POINT (15.7126594 48.3296086);n6803070332;6803070332;node;;;;;;;;gate;;;;private;;;;;;;;;;;;;;;;;;;;;;;;;;;;;;;;;;;;;;;;;;;
POINT (12.7385381 47.2596037);n6942973335;6942973335;node;;;;;;;;;;;;;;;;;;;;;;;yes;;;;;;;;;;;;;;;;;;;;;;;;;;;;;;;;
POINT (16.557641 47.9605814);n6961345169;6961345169;node;wind_turbine;;;wind;generator;;horizontal_axis;;;;;;;;;;;;;;;;;;;;;;;;;;;;;;;;;;;;;;;;;;;;;;;;
POINT (16.5592289 47.9641448);n6961345170;6961345170;node;wind_turbine;;;wind;generator;;horizontal_axis;;;;;;;;;;;;;;;;;;;;;;;;;;;;;;;;;;;;;;;;;;;;;;;;
POINT (16.5525234 47.9656319);n6961345171;6961345171;node;wind_turbine;;;wind;generator;;horizontal_axis;;;;;;;;;;;;;;;;;;;;;;;;;;;;;;;;;;;;;;;;;;;;;;;;
POINT (16.5507638 47.9615872);n6961345172;6961345172;node;wind_turbine;;;wind;generator;;horizontal_axis;;;;;;;;;;;;;;;;;;;;;;;;;;;;;;;;;;;;;;;;;;;;;;;;
POINT (16.5659022 47.9584296);n6964249540;6964249540;node;wind_turbine;;;wind;generator;;horizontal_axis;;;;;;;;;;;;;;;;;;;;;;;;;;;;;;;;;;;;;;;;;;;;;;;;
POINT (14.5769161 46.5216075);n7044887709;7044887709;node;;;;;terminal;;;;;;;;;;;;;;;;;;;;;;;;;;;;;;;;;;;;;;;;;;;;;;;;;;
POINT (14.5769219 46.5216074);n7044887711;7044887711;node;;;;;terminal;;;;;;;;;;;;;;;;;;;;;;;;;;;;;;;;;;;;;;;;;;;;;;;;;;
POINT (13.5400029 47.7999852);n7682148119;7682148119;node;;;;;;;;;Steinbach am Attersee;;;;;;;;;;;;;;;;;;;;;;;;;;;;;;;;yes;map;city;scheme;information;;;;;;;;;;
POINT (11.8990551 47.2334003);n7683614147;7683614147;node;;;;;;;;gate;;;;;;;;;;;;;;;;;;;;;;;;;;;;;;;;;;;;;;;;;;;;;;;
POINT (11.8986936 47.2335144);n7683614148;7683614148;node;;;;;;;;gate;;;;;;;;;;;;;;;;;;;;;;;;;;;;;;;;;;;;;;;;;;;;;;;
POINT (11.8985669 47.2338049);n7683614149;7683614149;node;;;;;;;;gate;;;;;;;;;;;;;;;;;;;;;;;;;;;;;;;;;;;;;;;;;;;;;;;
POINT (12.6267968 47.1691644);n7684825719;7684825719;node;;;;;;;;;;;;;;;;;;;;;;;yes;;;;;;;;;;;;;;;;;;;;;;;;;;;;;;;;
POINT (12.6266548 47.169303);n7684825723;7684825723;node;;;;;;;;;;;;;;;;;;;;;;;yes;;;;;;;;;;;;;;;;;;;;;;;;;;;;;;;;
POINT (12.6265735 47.1693824);n7684825727;7684825727;node;;;;;;;;;;;;;;;;;;;;;;;yes;;;;;;;;;;;;;;;;;;;;;;;;;;;;;;;;
POINT (12.6264918 47.1694622);n7684825731;7684825731;node;;;;;;;;;;;;;;;;;;;;;;;yes;;;;;;;;;;;;;;;;;;;;;;;;;;;;;;;;
POINT (12.6263978 47.1695541);n7684825735;7684825735;node;;;;;;;;;;;;;;;;;;;;;;;yes;;;;;;;;;;;;;;;;;;;;;;;;;;;;;;;;
POINT (12.6263476 47.1696031);n7684825739;7684825739;node;;;;;;;;;;;;;;;;;;;;;;;yes;;;;;;;;;;;;;;;;;;;;;;;;;;;;;;;;
POINT (15.0239942 48.0464277);n7773118508;7773118508;node;;;;;plant;;;;;;;;;;;;;;;;;;;;;;;;;;;;;;;;;;;;;;;;;;;;;;;;;;
POINT (13.3118459 46.872824);n7776104463;7776104463;node;;;;;;;;;;;;;;;;;;;;;;;yes;;;;;;;;;;;;;;;;;;;;;;;;;;;;;;;;
POINT (13.3120207 46.8730365);n7776104483;7776104483;node;;;;;;;;;;;;;;;;;;;;;;;yes;;;;;;;;;;;;;;;;;;;;;;;;;;;;;;;;
POINT (13.3116446 46.8725796);n7776104484;7776104484;node;;;;;;;;;;;;;;;;;;;;;;;yes;;;;;;;;;;;;;;;;;;;;;;;;;;;;;;;;
POINT (13.19197 46.9369796);n7777746638;7777746638;node;;;;;terminal;;;;;;;;;;;;;;;;;;yes;;;;;;;;;;;;;;;;;;;;;;;;;;;;;;;;
POINT (13.1919732 46.9369866);n7777746639;7777746639;node;;;;;terminal;;;;;;;;;;;;;;;;;;yes;;;;;;;;;;;;;;;;;;;;;;;;;;;;;;;;
POINT (14.4727305 47.4920966);n8083027594;8083027594;node;;;;;plant;;;;Kraftwerk Triebenbach;;hydro;;;;Verbund Hydro Power GmbH;;;;run-of-the-river;10 MW;;;;;;;;;;;;;;;;;;;;;;;;;;;;;;;;;;;
POINT (13.5819903 47.3997327);n8083027595;8083027595;node;;;;;plant;;;;Kraftwerk Mandling;;hydro;;;;Verbund Hydro Power GmbH;;;;;6 MW;;;;;;;;;;;;;;;;;;;;;;;;;;;;;;;;;;;
POINT (13.9858729 48.4334635);n8261339501;8261339501;node;water-storage;;21,5MVA;hydro;generator;;francis_turbine;;M1;;;;;;;;;;;;;;;;;;;;;;;;;;;;;;;;;;;;;50;5500;;;;;;;;
POINT (13.9857382 48.4333988);n8261339502;8261339502;node;water-storage;;21,5MVA;hydro;generator;;francis_turbine;;M2;;;;;;;;;;;;;;;;;;;;;;;;;;;;;;;;;;;;;50;5500;;;;;;;;
POINT (13.9922997 48.473202);n8303924956;8303924956;node;;;;;;;;;Stollenfenster 1;;;;;;;;;;;;no;adit;;;;;;;;;;;;;;;;;;;;;;;;;;;;;;;;;
POINT (13.9854624 48.4330598);n8304522711;8304522711;node;water-storage;;2.4 MW;hydro;generator;;kaplan_turbine;;M3;;;;;;;;;;;;;;;;;;;;;;;;;;;;;;;;;;;;;50;5500;;;;;;;;
POINT (13.9856701 48.4333786);n8304555017;8304555017;node;water-storage;;400kVA;hydro;generator;;pelton_turbine;;M4;;;;;;;;;;;;;;;;;;;;;;;;;;;;;;;;;;;;;50;400;;;;;;;;
POINT (15.2482341 47.4796432);n8409947847;8409947847;node;;;;;terminal;;;;;;;;;;;;;;;;;;;;;;;;;;;;;;;;;;;;;;;;;;;;;;;;;;
POINT (16.6820612 48.0008041);n8581816427;8581816427;node;wind_turbine;;;wind;generator;;;;;;;;;;;;;;;;;;;;;;;;;;;;;;;;;;;;;;;;;;;;;;;;;;
POINT (16.6883249 48.0014491);n8581816428;8581816428;node;wind_turbine;;;wind;generator;;;;;;;;;;;;;;;;;;;;;;;;;;;;;;;;;;;;;;;;;;;;;;;;;;
POINT (16.6875836 47.9983907);n8581816429;8581816429;node;wind_turbine;;;wind;generator;;;;;;;;;;;;;;;;;;;;;;;;;;;;;;;;;;;;;;;;;;;;;;;;;;
POINT (16.6847677 47.9940174);n8581816430;8581816430;node;wind_turbine;;;wind;generator;;;;;;;;;;;;;;;;;;;;;;;;;;;;;;;;;;;;;;;;;;;;;;;;;;
POINT (16.6926177 48.0023808);n8581816431;8581816431;node;wind_turbine;;;wind;generator;;;;;;;;;;;;;;;;;;;;;;;;;;;;;;;;;;;;;;;;;;;;;;;;;;
POINT (16.6973005 48.0037463);n8581816432;8581816432;node;wind_turbine;;;wind;generator;;;;;;;;;;;;;;;;;;;;;;;;;;;;;;;;;;;;;;;;;;;;;;;;;;
POINT (16.6969781 48.0078178);n8581816433;8581816433;node;wind_turbine;;;wind;generator;;;;;;;;;;;;;;;;;;;;;;;;;;;;;;;;;;;;;;;;;;;;;;;;;;
POINT (16.6889736 48.0069906);n8581816434;8581816434;node;wind_turbine;;;wind;generator;;;;;;;;;;;;;;;;;;;;;;;;;;;;;;;;;;;;;;;;;;;;;;;;;;
POINT (16.680854 48.0067662);n8581816435;8581816435;node;wind_turbine;;;wind;generator;;;;;;;;;;;;;;;;;;;;;;;;;;;;;;;;;;;;;;;;;;;;;;;;;;
POINT (16.678152 48.0057789);n8581816436;8581816436;node;wind_turbine;;;wind;generator;;;;;;;;;;;;;;;;;;;;;;;;;;;;;;;;;;;;;;;;;;;;;;;;;;
POINT (14.2227023 47.875905);n8635971769;8635971769;node;;;;;terminal;;;;;;;;;;;;;;;;;;;;;;;;;;;;;;;;;;;;;;;;;;;;;;;;;;
POINT (16.5231885 47.9371092);n8780629447;8780629447;node;wind_turbine;;;wind;generator;;;;;;;;;;;;;;;;;;;;;;;;;;;;;;;;;;;;;;;;;;;;;;;;;;
POINT (16.5279984 47.9323299);n8780629448;8780629448;node;wind_turbine;;;wind;generator;;;;;;;;;;;;;;;;;;;;;;;;;;;;;;;;;;;;;;;;;;;;;;;;;;
POINT (16.5300831 47.9350404);n8780629449;8780629449;node;wind_turbine;;;wind;generator;;;;;;;;;;;;;;;;;;;;;;;;;;;;;;;;;;;;;;;;;;;;;;;;;;
POINT (16.5325187 47.9386634);n8780629450;8780629450;node;wind_turbine;;;wind;generator;;;;;;;;;;;;;;;;;;;;;;;;;;;;;;;;;;;;;;;;;;;;;;;;;;
POINT (16.5396191 47.9355105);n8780629451;8780629451;node;wind_turbine;;;wind;generator;;;;;;;;;;;;;;;;;;;;;;;;;;;;;;;;;;;;;;;;;;;;;;;;;;
POINT (16.3986508 48.181413);n8931000732;8931000732;node;;;;;;;;;;;;;;4;Wien Energie;;;;;;;surveillance;;;;;;;;;;;;;;;;;;;;;;;;;;40;240;wall;fixed;public;public;camera;area
POINT (15.0966391 47.9416701);n8992037151;8992037151;node;;;;;;;;gate;;;;;;;;;;;;;;;;;;;;;;;;;;;;;;;;;;;;;;;;;;;;;;;
