WKT;full_id;osm_id;osm_type;frequency;local_wiki;name;operator;plant_meth;plant_outp;plant_sour;power;voltage;wikidata;disused_pl;plant_ou_1;website;wikipedia;bicycle;bridge;foot;highway;horse;layer;maxweight;motor_vehi;surface;barrier;name_en;start_date;generator_;addr_city;addr_count;addr_house;addr_place;addr_postc;addr_stree;addr_subur;at_bev_add;contact_fa;contact_ph;contact_we;generato_1;generato_2;generato_3;generato_4;plant_ou_2;generato_5;capacity;diameter;flow_direc;location;man_made;pressure;substance;usage;waterway;descriptio;generato_6;plant_ou_3;email;phone;constructi;canal;direction;tunnel;OBJECTID;BL_KZ;BL;ST_KZ;ST;FL;FL_KM;STAND;Shape__Are;Shape__Len
POINT (13.4381125277212 48.55360697141);w27661875;27661875;way;50;http://regiowiki.pnp.de/index.php/Kraftwerk_Ingling;Kraftwerk Passau-Ingling;Grenzkraftwerke GmbH;run-of-the-river;86.4 MW;hydro;plant;110000;Q17124139;;;;;;;;;;;;;;;;;;;;;;;;;;;;;;;;;;;;;;;;;;;;;;;;;;;;;4;4;OberÃ¶sterreich;1;Ã–sterreich;11982589835;11982,58984;01.10.2017;26892314899;1320561,023
POINT (11.7569568754949 47.3891855419214);w30880774;30880774;way;;;Achenseekraftwerk;TIWAG;water-storage;79 MW;hydro;plant;;Q30975248;;;;;;;;;;;;;;;;;;;;;;;;;;;;;;;;;;;;;;;;;;;;;;;;;;;;;7;7;Tirol;1;Ã–sterreich;12648339352;12648,33935;01.10.2017;27380103698;1538631,046
POINT (15.9185307062915 48.3238460685031);w31289685;31289685;way;;;Kraftwerk Dürnrohr;"VERBUND Austrian Thermal Power AG; EVN AG";combustion;352 MW;"gas;waste";plant;;Q477846;coal;10 MW;https://www.evn.at/EVN-Group/Energie-Zukunft/Energie-aus-Niederosterreich/Gas-und-Kohle.aspx;de:Kraftwerk Dürnrohr;;;;;;;;;;;;;;;;;;;;;;;;;;;;;;;;;;;;;;;;;;;;;;;;;3;3;NiederÃ¶sterreich;1;Ã–sterreich;19179264850;19179,26485;01.10.2017;43300422994;1756980,271
POINT (14.4684813686142 48.0986775335361);w33062622;33062622;way;;;Kraftwerk Staning;Ennskraftwerke AG;run-of-the-river;43 MW;hydro;plant;;;;;;;;;;;;;;;;;;;;;;;;;;;;;;;;;;;;;;;;;;;;;;;;;;;;;;;3;3;NiederÃ¶sterreich;1;Ã–sterreich;19179264850;19179,26485;01.10.2017;43300422994;1756980,271
POINT (14.0022311116297 48.487486966658);w36886265;36886265;way;;;;;;;;;;;;;;;no;yes;yes;service;no;1;11;yes;asphalt;;;;;;;;;;;;;;;;;;;;;;;;;;;;;;;;;;;;;;;;4;4;OberÃ¶sterreich;1;Ã–sterreich;11982589835;11982,58984;01.10.2017;26892314899;1320561,023
POINT (15.7132174572261 48.329501127858);w45272991;45272991;way;;;;;;;gas;plant;;;;;;;;;;;;;;;;fence;;;;;;;;;;;;;;;;;;;;;;;;;;;;;;;;;;;;;;;3;3;NiederÃ¶sterreich;1;Ã–sterreich;19179264850;19179,26485;01.10.2017;43300422994;1756980,271
POINT (15.7095547335337 48.3947091055678);w47001764;47001764;way;;;Kraftwerk Theiß;EVN;combustion;800 MW;gas;plant;;Q1521544;;;;de:Kraftwerk Theiß;;;;;;;;;;;Theiss Power Plant;;;;;;;;;;;;;;;;;;;;;;;;;;;;;;;;;;;;;;3;3;NiederÃ¶sterreich;1;Ã–sterreich;19179264850;19179,26485;01.10.2017;43300422994;1756980,271
POINT (10.5322773732338 47.4983795091255);w80286405;80286405;way;;;Fernwärmekraftwerk;;;;biomass;plant;;;;;;;;;;;;;;;;;;;;;;;;;;;;;;;;;;;;;;;;;;;;;;;;;;;;;;;7;7;Tirol;1;Ã–sterreich;12648339352;12648,33935;01.10.2017;27380103698;1538631,046
POINT (14.5308516162548 48.2248604085597);w95828353;95828353;way;;;Kraftwerk St. Pantaleon-Erla;Ennskraftwerke AG;run-of-the-river;51 MW;hydro;plant;;Q30973613;;;;;;;;;;;;;;;;;;;;;;;;;;;;;;;;;;;;;;;;;;;;;;;;;;;;;3;3;NiederÃ¶sterreich;1;Ã–sterreich;19179264850;19179,26485;01.10.2017;43300422994;1756980,271
POINT (13.4419731 48.43374675);w95975622;95975622;way;;;;;;;;;;;;;;;;;;;;;;;;fence;;;;;;;;;;;;;;;;;;;;;;;;;;;;;;;;;;;;;;;4;4;OberÃ¶sterreich;1;Ã–sterreich;11982589835;11982,58984;01.10.2017;26892314899;1320561,023
POINT (14.3524811775876 47.9409351237045);w96843738;96843738;way;;;Kraftwerk Ternberg;Ennskraftwerke AG;run-of-the-river;42 MW;hydro;plant;;;;;;;;;;;;;;;;;;;;;;;;;;;;;;;;;;;;;;;;;;;;;;;;;;;;;;;4;4;OberÃ¶sterreich;1;Ã–sterreich;11982589835;11982,58984;01.10.2017;26892314899;1320561,023
POINT (12.2300492189317 47.2439762189417);w98429378;98429378;way;;;Kraftwerk Wald;Salzburg AG;water-storage;23.5 MW;hydro;plant;;;;;;;;;;;;;;;;;;1988;;;;;;;;;;;;;;;;;;;;;;;;;;;;;;;;;;;;;5;5;Salzburg;1;Ã–sterreich;7154584478;7154,584478;01.10.2017;15614090483;1149859,065
POINT (11.8329403120329 47.1519015361044);w99858973;99858973;way;;;Kraftwerk Bösdornau;Verbund Hydro Power GmbH;water-storage;25 MW;hydro;plant;;;;;https://www.verbund.com/de-de/ueber-verbund/kraftwerke/unsere-kraftwerke/boesdornau;de:Wasserkraftwerke im Zillertal#Kraftwerk Bösdornau;;;;;;;;;;;;;5;;;;;;;;;;;;;;;;;;;;;;;;;;;;;;;;;;;;7;7;Tirol;1;Ã–sterreich;12648339352;12648,33935;01.10.2017;27380103698;1538631,046
POINT (15.0914214203809 46.9873625086443);w104814385;104814385;way;;;Kraftwerk St. Martin;Verbund Hydro Power GmbH;water-storage;11 MW;hydro;plant;;Q30276592;;;;;;;;;;;;;;;;;;;;;;;;;;;;;;;;;;;;;;;;;;;;;;;;;;;;;6;6;Steiermark;1;Ã–sterreich;16398760502;16398,7605;01.10.2017;35629716603;1380312,421
POINT (12.0878485639251 47.5154863864061);w105080865;105080865;way;;;Kraftwerk Kirchbichl;Tiroler Wasserkraft AG;run-of-the-river;19.3 MW;hydro;plant;;Q63533643;;;;de:Kraftwerk Kirchbichl;;;;;;;;;;;;;;;;;;;;;;;;;;;;;;;;;;;;;;;;;;;;;;;;;7;7;Tirol;1;Ã–sterreich;12648339352;12648,33935;01.10.2017;27380103698;1538631,046
POINT (12.2293791132461 47.2438978780447);w106509499;106509499;way;;;Biomasseheizwerk Wald;Salzburg AG;;;;plant;;;;;;;;;;;;;;;;;;;;;;;;;;;;;;;;;;;;;;;;;;;;;;;;;;;;;;;5;5;Salzburg;1;Ã–sterreich;7154584478;7154,584478;01.10.2017;15614090483;1149859,065
POINT (12.0583457941848 47.2354087336312);w106512774;106512774;way;;;Kraftwerk Funsingau;Verbund Hydro Power GmbH;water-storage;25 MW;hydro;plant;;;;;;;;;;;;;;;;;;;;;;;;;;;;;;;;;;;;;;;;;;;;;;;;;;;;;;;7;7;Tirol;1;Ã–sterreich;12648339352;12648,33935;01.10.2017;27380103698;1538631,046
POINT (14.6892941425684 47.7034856890126);w118134590;118134590;way;;;Kraftwerk Krippau;Verbund Hydro Power GmbH;run-of-the-river;30 MW;hydro;plant;;;;;;;;;;;;;;;;;;;;;;;;;;;;;;;;;;;;;;;;;;;;;;;;;;;;;;;6;6;Steiermark;1;Ã–sterreich;16398760502;16398,7605;01.10.2017;35629716603;1380312,421
POINT (14.2568926416802 47.8943330845508);w118296574;118296574;way;;;Piesslinger E-Werk 2;Piesslinger GmbH;;;;plant;;;;;;;;;;;;;;;;;;;;;;;;;;;;;;;;;;;;;;;;;;;;;;;;;;;;;;;4;4;OberÃ¶sterreich;1;Ã–sterreich;11982589835;11982,58984;01.10.2017;26892314899;1320561,023
POINT (11.6524501418867 47.3395269860632);w121701528;121701528;way;;;Kraftwerk Vomperbach Oberstufe;;;;hydro;plant;;;;;;;;;;;;;;;;;;;;Vomp;AT;1;Pirchat;6134;;;;;;;;;;;;;;;;;;;;;;;;;;;;;;;7;7;Tirol;1;Ã–sterreich;12648339352;12648,33935;01.10.2017;27380103698;1538631,046
POINT (14.376904646783 47.9928424212763);w152183126;152183126;way;;;Kraftwerk Rosenau;Ennskraftwerke AG;run-of-the-river;34 MW;hydro;plant;;;;;;;;;;;;;;;;;;13.10.1953;;;;;;;;;;;;;;;;;;;;;;;;;;;;;;;;;;;;;4;4;OberÃ¶sterreich;1;Ã–sterreich;11982589835;11982,58984;01.10.2017;26892314899;1320561,023
POINT (15.5660344449681 46.8280381346838);w152304106;152304106;way;;;Kraftwerk Gralla;Verbund Hydro Power GmbH;run-of-the-river;15 MW;hydro;plant;;;;;;;;;;;;;;;;;;;;;;;;;;;;;;;;;;;;;;;;;;;;;;;;;;;;;;;6;6;Steiermark;1;Ã–sterreich;16398760502;16398,7605;01.10.2017;35629716603;1380312,421
POINT (15.5717192351165 46.745675240495);w152305012;152305012;way;;;Kraftwerk Obervogau;Verbund Hydro Power GmbH;run-of-the-river;13 MW;hydro;plant;;;;;;;;;;;;;;;;;;;;;;;;;;;;;;;;;;;;;;;;;;;;;;;;;;;;;;;6;6;Steiermark;1;Ã–sterreich;16398760502;16398,7605;01.10.2017;35629716603;1380312,421
POINT (15.6211653846307 46.7164607383809);w152306474;152306474;way;;;Kraftwerk Spielfeld;Verbund Hydro Power GmbH;run-of-the-river;13 MW;hydro;plant;;;;;;;;;;;;;;;;;;;;Straß in Steiermark;AT;12;;8472;Südbahnstraße;Spielfeld;02.04.2018;;;;;;;;;;;;;;;;;;;;;;;;;;;;6;6;Steiermark;1;Ã–sterreich;16398760502;16398,7605;01.10.2017;35629716603;1380312,421
POINT (14.0653498381459 47.1077673632802);w153223717;153223717;way;;;Kraftwerk Bodendorf-Mur;Verbund Hydro Power GmbH;run-of-the-river;7.0 MW;hydro;plant;;Q27926679;;;;de:Kraftwerk Bodendorf;;;;;;;;;;;;1982;;;;;;;;;;;;;;;;;;;;;;;;;;;;;;;;;;;;;6;6;Steiermark;1;Ã–sterreich;16398760502;16398,7605;01.10.2017;35629716603;1380312,421
POINT (11.8992906294996 47.2336369313496);w156973415;156973415;way;;;Kraftwerk Gerlos;Verbund Hydro Power GmbH;water-storage;200 MW;hydro;plant;;Q56356334;;;;;;;;;;;;;;;;;;;;;;;;;;;;;;;;;;;;;;;;;;;;;;;;;;;;;7;7;Tirol;1;Ã–sterreich;12648339352;12648,33935;01.10.2017;27380103698;1538631,046
POINT (13.4434938196123 48.4350954218654);w160803181;160803181;way;;;;;;;;;;;;;;;;;;;;;;;;fence;;;;;;;;;;;;;;;;;;;;;;;;;;;;;;;;;;;;;;;4;4;OberÃ¶sterreich;1;Ã–sterreich;11982589835;11982,58984;01.10.2017;26892314899;1320561,023
POINT (13.4431594 48.435978);w160803183;160803183;way;;;;;;;;;;;;;;;;;;;;;;;;fence;;;;;;;;;;;;;;;;;;;;;;;;;;;;;;;;;;;;;;;4;4;OberÃ¶sterreich;1;Ã–sterreich;11982589835;11982,58984;01.10.2017;26892314899;1320561,023
POINT (13.4430884232081 48.4338648641426);w160804987;160804987;way;;;;;;;;;;;;;;;;;;;;;;;;fence;;;;;;;;;;;;;;;;;;;;;;;;;;;;;;;;;;;;;;;4;4;OberÃ¶sterreich;1;Ã–sterreich;11982589835;11982,58984;01.10.2017;26892314899;1320561,023
POINT (13.4419506492454 48.4360205102345);w160812266;160812266;way;;;;;;;;;;;;;;;;;;;;;;;;fence;;;;;;;;;;;;;;;;;;;;;;;;;;;;;;;;;;;;;;;4;4;OberÃ¶sterreich;1;Ã–sterreich;11982589835;11982,58984;01.10.2017;26892314899;1320561,023
POINT (13.44289645 48.43595715);w160812271;160812271;way;;;;;;;;;;;;;;;;;;;;;;;;fence;;;;;;;;;;;;;;;;;;;;;;;;;;;;;;;;;;;;;;;4;4;OberÃ¶sterreich;1;Ã–sterreich;11982589835;11982,58984;01.10.2017;26892314899;1320561,023
POINT (13.4423738876371 48.4359268713879);w160812286;160812286;way;;;;;;;;;;;;;;;;;;;;;;;;fence;;;;;;;;;;;;;;;;;;;;;;;;;;;;;;;;;;;;;;;4;4;OberÃ¶sterreich;1;Ã–sterreich;11982589835;11982,58984;01.10.2017;26892314899;1320561,023
POINT (13.4414370667644 48.4359686555763);w160812291;160812291;way;;;;;;;;;;;;;;;;;;;;;;;;fence;;;;;;;;;;;;;;;;;;;;;;;;;;;;;;;;;;;;;;;4;4;OberÃ¶sterreich;1;Ã–sterreich;11982589835;11982,58984;01.10.2017;26892314899;1320561,023
POINT (15.5701614788016 46.7440229505854);w188442755;188442755;way;;;Kraftwerk Retznei;Verbund Hydro Power GmbH;run-of-the-river;1 MW;hydro;plant;;;;;;;;;;;;;;;;;;;;;;;;;;;;;;;;;;;;;;;;;;;;;;;;;;;;;;;6;6;Steiermark;1;Ã–sterreich;16398760502;16398,7605;01.10.2017;35629716603;1380312,421
POINT (14.4999831392466 48.2229996214421);w206535083;206535083;way;50;;Biomasseheizkraftwerk Ennsdorf;GEM - Gesellschaft für Energieversorgung und -management mbH;;;;plant;;;;;;;;;;;;;;;;;;;;;;;;;;;;+43 7223 81354-11;+43 7223 81354-13;http://www.gem.at/;combustion;5 MW;25 MW;biomass;;;;;;;;;;;;;;;;;;;;;3;3;NiederÃ¶sterreich;1;Ã–sterreich;19179264850;19179,26485;01.10.2017;43300422994;1756980,271
POINT (13.074285478741 47.2764410495008);w234919099;234919099;way;;;;;;yes;;plant;;;;;;;;;;;;;;;;;;;;;;;;;;;;;;;;;;;;;;;;;;;;;;;;;;;;;;;5;5;Salzburg;1;Ã–sterreich;7154584478;7154,584478;01.10.2017;15614090483;1149859,065
POINT (13.1905319509734 47.1721635504443);w253843701;253843701;way;;;;Lederer;;;;plant;;;;;;;;;;;;;;;;;;;;;;;;;;;;;;;;;;;yes;;;;;;;;;;;;;;;;;;;;5;5;Salzburg;1;Ã–sterreich;7154584478;7154,584478;01.10.2017;15614090483;1149859,065
POINT (13.2444470809296 47.152497165192);w255110778;255110778;way;;;Hubalpenbach;EAg;;;;plant;;;;;;;;;;;;;;;;;;;;;;;;;;;;;;;;;;;yes;;;;;;;;;;;;;;;;;;;;5;5;Salzburg;1;Ã–sterreich;7154584478;7154,584478;01.10.2017;15614090483;1149859,065
POINT (13.1742953104595 47.1928707193506);w256214982;256214982;way;;;;;;yes;;plant;;;;;;;;;;;;;;;;;;;;;;;;;;;;;;;;;;;yes;;;;;;;;;;;;;;;;;;;;5;5;Salzburg;1;Ã–sterreich;7154584478;7154,584478;01.10.2017;15614090483;1149859,065
POINT (13.2097462478811 47.2942719975737);w258779981;258779981;way;50;;Plankenau;EAG;;yes;;plant;;;;;;;;;;;;;;;;;;;;;;;;;;;;;;;;;;;yes;;;;;;;;;;;;;;;;;;;;5;5;Salzburg;1;Ã–sterreich;7154584478;7154,584478;01.10.2017;15614090483;1149859,065
POINT (14.1700450339 47.1927873727954);w260947134;260947134;way;50;;PV Mitterdorf;;photovoltaic;500 kW;solar;plant;;;;;;;;;;;;;;;;;;;;;;;;;;;;;;;;;;;;solar_photovoltaic_panel;;;;;;;;;;;;;;;;;;;6;6;Steiermark;1;Ã–sterreich;16398760502;16398,7605;01.10.2017;35629716603;1380312,421
POINT (12.8434569811448 48.0304693573371);w267364185;267364185;way;;;Kraftwerk Riedersbach;;;;fossil;plant;;Q1786193;;;;;;;;;;;;;;;;;;;;;;;;;;;;;;;;;;;;;;;;;;;;;;;;;;;;;4;4;OberÃ¶sterreich;1;Ã–sterreich;11982589835;11982,58984;01.10.2017;26892314899;1320561,023
POINT (14.9361588869396 46.6433069401068);w284997812;284997812;way;;;;;;;;;;;;;;;;;;;;;;;;;;;;Neuhaus;AT;51;Pudlach;9155;;;01.10.2017;;;;;;;;;;;;;;;;;;;;;;;;;;;;2;2;KÃ¤rnten;1;Ã–sterreich;9536545489;9536,545489;01.10.2017;20336372390;1007787,631
POINT (12.4249076958937 47.2784025822262);w294212983;294212983;way;;;Kraftwerk Hollersbach;Salzburg AG;water-storage;5.2 MW;hydro;plant;;;;;;;;;;;;;;;;;;2010;;;;;;;;;;;;;;;;;;;;;;;;;;;;;;;;;;;;;5;5;Salzburg;1;Ã–sterreich;7154584478;7154,584478;01.10.2017;15614090483;1149859,065
POINT (13.9860240296823 48.4350214566714);w308684350;308684350;way;;;Druckrohrleitung Stausee Langhalsen-Kraftwerk Partenstein;Energie AG;;;;;;;;;;;;;;;;1;;;;;;;;;;;;;;;;;;;;;;;;;26m³/s;2600;forward;overground;pipeline;17,6;water;penstock;pressurised;;;;;;;;;;4;4;OberÃ¶sterreich;1;Ã–sterreich;11982589835;11982,58984;01.10.2017;26892314899;1320561,023
POINT (10.6624107996514 47.061960100365);w312264489;312264489;way;;;Gemeinschaftskraftwerk Inn;Engadiner Kraftwerk AG, TIWAG, Verbund AG;run-of-the-river;89 MW;hydro;plant;;Q95587696;;;;;;;;;;;;;;;;;;Prutz;AT;68;;6522;Dorfstraße;;;;;;;;;;;;;;;;;;;;;;;;;;;;;;7;7;Tirol;1;Ã–sterreich;12648339352;12648,33935;01.10.2017;27380103698;1538631,046
POINT (16.2357131648707 48.2011014267934);w316403914;316403914;way;;;BürgerInnen Solarkraftwerk Hietzing;Wien Energie;photovoltaic;yes;solar;plant;;;;;;;;;;;;;;;;;;;;;;;;;;;;;;;photovoltaic;;;;;;;;;;;;;;;;;;;;;;;;9;9;Wien;1;Ã–sterreich;414752412;414,752412;01.10.2017;933480269,5;203048,3275
POINT (16.3373991849806 47.9695689870914);w355924637;355924637;way;;;;Wien Energie;photovoltaic;yes;solar;plant;;;;;;;;;;;;;;;;;;;;;;;;;;;;;;;;;;;;;;;;;;;;;;;;;;;;;;;3;3;NiederÃ¶sterreich;1;Ã–sterreich;19179264850;19179,26485;01.10.2017;43300422994;1756980,271
POINT (16.3678398069833 48.1409074690346);w356730615;356730615;way;;;BürgerInnen Solarkraftwerk Liesing;Wien Energie;;yes;solar;plant;;;;;;;;;;;;;;;;fence;;08.04.2013;;;;;;;;;;;;;;;;;;;;;;;;;;;;Versorgung von 196 Haushalten mit Solarenergie;;;;;;;;;9;9;Wien;1;Ã–sterreich;414752412;414,752412;01.10.2017;933480269,5;203048,3275
POINT (14.0073805830319 48.1517122061073);w364737988;364737988;way;;;FHKW;;;;;plant;;;;;;;;;;;;;;;;;;;;;;;;;;;;;;;;;;;;;;;;;;;;;;;;;;;;;;;4;4;OberÃ¶sterreich;1;Ã–sterreich;11982589835;11982,58984;01.10.2017;26892314899;1320561,023
POINT (16.0412250617826 46.9355722582619);w372862697;372862697;way;;;;;photovoltaic;yes;solar;plant;;;;;;;;;;;;;;;;;;;;;;;;;;;;;;;;;;;;;;;;;;;;;;;;;;;;;;;6;6;Steiermark;1;Ã–sterreich;16398760502;16398,7605;01.10.2017;35629716603;1380312,421
POINT (16.3594820141686 48.2344289597683);w389461258;389461258;way;;;;;;;;plant;;;;;;;;;;;;;;;;;;;;;;;;;;;;;;;;;;;;;;;;;;;;;;;;;;;;;;;9;9;Wien;1;Ã–sterreich;414752412;414,752412;01.10.2017;933480269,5;203048,3275
POINT (16.3555339834195 48.0283871921508);w391383538;391383538;way;;;Solarkraftwerk Guntramsdorf;Wien Energie;photovoltaic;yes;solar;plant;;;;;;;;;;;;;;;;;;15.08.2015;;;;;;;;;;;;;;;;;;;;;;;;;;;;;2 MW;;;;;;;;3;3;NiederÃ¶sterreich;1;Ã–sterreich;19179264850;19179,26485;01.10.2017;43300422994;1756980,271
POINT (13.1282920531276 47.9008055674558);w392105888;392105888;way;;;;;;;;plant;;;;;;;;;;;;;;;;;;;;;;;;;;;;;;;;;;;;;;;;;;;;;;;;yes;;;;;;;5;5;Salzburg;1;Ã–sterreich;7154584478;7154,584478;01.10.2017;15614090483;1149859,065
POINT (15.7687892431112 48.0339933682802);w402034967;402034967;way;;;Naturwärme Kirchtal;Naturwärme Kirchtal GmbH & Co KG;;;;plant;;;;;http://www.naturwaerme.co.at/;;;;;;;;;;;;;;;;;;;;;;;;;;;;;;;;;;;;;;;;;;;;kirchtal@naturwaerme.co.at;+43 2764 2695-90;;;;;3;3;NiederÃ¶sterreich;1;Ã–sterreich;19179264850;19179,26485;01.10.2017;43300422994;1756980,271
POINT (13.1507596 46.65190795);w404135199;404135199;way;;;Elektrizitätswerk;;;;;plant;;;;;;;;;;;;;;;;;;;;;;;;;;;;;;;;;;;;;;;;;;;;;;;;;;;;;;;2;2;KÃ¤rnten;1;Ã–sterreich;9536545489;9536,545489;01.10.2017;20336372390;1007787,631
POINT (14.4301635432598 47.0627190899903);w422161553;422161553;way;;;;;photovoltaic;yes;solar;plant;;;;;;;;;;;;;;;;;;;;;;;;;;;;;;;;;;;;;;;;;;;;;;;;;;;;;;;6;6;Steiermark;1;Ã–sterreich;16398760502;16398,7605;01.10.2017;35629716603;1380312,421
POINT (16.2025028676053 47.6091102283807);w444737052;444737052;way;;;;;;;;;;;;;;;;;;;;;;;;fence;;;;;;;;;;;;;;;;;;;;;;;;;;;;;;;;;;;;;;;3;3;NiederÃ¶sterreich;1;Ã–sterreich;19179264850;19179,26485;01.10.2017;43300422994;1756980,271
POINT (14.6302437548093 47.1743384449527);w448976776;448976776;way;50;;;;photovoltaic;yes;solar;plant;;;;;;;;;;;;;;;;;;;;;;;;;;;;;;;;;;;;;;;;;;;;;;;;;;;;;;;6;6;Steiermark;1;Ã–sterreich;16398760502;16398,7605;01.10.2017;35629716603;1380312,421
POINT (16.4335460230729 48.6335574169097);w449002393;449002393;way;;;;;photovoltaic;yes;solar;plant;;;;;;;;;;;;;;;;;;;;;;;;;;;;;;;photovoltaic;;;;;;;;;;;;;;;;;;;;;;;;3;3;NiederÃ¶sterreich;1;Ã–sterreich;19179264850;19179,26485;01.10.2017;43300422994;1756980,271
POINT (14.5956505631745 47.6562527785182);w467809112;467809112;way;;;;;;;;plant;;;;;;;;;;;;;;;;;;;;;;;;;;;;;;;;;;;;;;;;;;;;;;;;;;;;;;;6;6;Steiermark;1;Ã–sterreich;16398760502;16398,7605;01.10.2017;35629716603;1380312,421
POINT (14.357239 46.60337875);w478122693;478122693;way;;;Heizwerk Ebenthal;BC Regionalwärme Ebenthal GmbH;;;;plant;;;;;;;;;;;;;;;;;;2015;;;;;;;;;;;;;;;;;;;;;;;;;;;;;;yes;;;;;;;2;2;KÃ¤rnten;1;Ã–sterreich;9536545489;9536,545489;01.10.2017;20336372390;1007787,631
POINT (12.2770013394364 47.2808031562019);w478380230;478380230;way;;;;;;;solar;plant;;;;;;;;;;;;;;;;;;;;;;;;;;;;;;;;;;;;;;;;;;;;;;;;;;;;;;;5;5;Salzburg;1;Ã–sterreich;7154584478;7154,584478;01.10.2017;15614090483;1149859,065
POINT (15.3128651392158 47.4871607972898);w485018080;485018080;way;;;;;;yes;;plant;;;;;;;;;;;;;;;;;;;;;;;;;;;;;;;;;;;;;;;;;;;;;;;;;;;;;;;6;6;Steiermark;1;Ã–sterreich;16398760502;16398,7605;01.10.2017;35629716603;1380312,421
POINT (16.5436718588221 47.8279111448966);w485568829;485568829;way;;;;;photovoltaic;yes;solar;plant;;;;;;;;;;;;;;;;;;;;;;;;;;;;;;;;;;;;;;;;;;;;;;;;;;;;;;;1;1;Burgenland;1;Ã–sterreich;3965202735;3965,202735;01.10.2017;8695821877;1121735,798
POINT (15.6541587320738 48.6549905269936);w491954031;491954031;way;;;;;;yes;solar;plant;;;;;;;;;;;;;;;;;;;;;;;;;;;;;;;;;;;;;;;;;;;;;;;;;;;;;;;3;3;NiederÃ¶sterreich;1;Ã–sterreich;19179264850;19179,26485;01.10.2017;43300422994;1756980,271
POINT (15.6012519800058 46.7930802040185);w499944279;499944279;way;;;;;photovoltaic;yes;solar;plant;;;;;;;;;;;;;;;;;;;;;;;;;;;;;;;;;;;;;;;;;;;;;;;;;;;;;;;6;6;Steiermark;1;Ã–sterreich;16398760502;16398,7605;01.10.2017;35629716603;1380312,421
POINT (15.5991290727045 46.7913160485339);w499944281;499944281;way;;;;;photovoltaic;yes;solar;plant;;;;;;;;;;;;;;;;;;;;;;;;;;;;;;;;;;;;;;;;;;;;;;;;;;;;;;;6;6;Steiermark;1;Ã–sterreich;16398760502;16398,7605;01.10.2017;35629716603;1380312,421
POINT (16.33094795 48.1263641);w521890009;521890009;way;;;;;photovoltaic;yes;solar;plant;;;;;;;;;;;;;;;;;;;;;;;;;;;;;;;;;;;;;;;;;;;;;;;;;;;;;;;3;3;NiederÃ¶sterreich;1;Ã–sterreich;19179264850;19179,26485;01.10.2017;43300422994;1756980,271
POINT (16.3283844509569 48.1199982321664);w521896441;521896441;way;;;;;photovoltaic;yes;solar;plant;;;;;;;;;;;;;;;;;;;;;;;;;;;;;;;;;;;;;;;;;;;;;;;;;;;;;;;3;3;NiederÃ¶sterreich;1;Ã–sterreich;19179264850;19179,26485;01.10.2017;43300422994;1756980,271
POINT (16.4309916838841 48.2798312429036);w522560591;522560591;way;;;;;;;;generator;;;;;;;;;;;;;;;;;;;;;;;;;;;;;;;photovoltaic;;;solar;;;;;;;;;;;;;;;;;;;;;9;9;Wien;1;Ã–sterreich;414752412;414,752412;01.10.2017;933480269,5;203048,3275
POINT (16.4311145057759 48.2797726623903);w522560592;522560592;way;;;;;;;;generator;;;;;;;;;;;;;;;;;;;;;;;;;;;;;;;photovoltaic;;;solar;;;;;;;;;;;;;;;;;;;;;9;9;Wien;1;Ã–sterreich;414752412;414,752412;01.10.2017;933480269,5;203048,3275
POINT (16.4312457057176 48.2797525124394);w522560593;522560593;way;;;;;;;;generator;;;;;;;;;;;;;;;;;;;;;;;;;;;;;;;photovoltaic;;;solar;;;;;;;;;;;;;;;;;;;;;9;9;Wien;1;Ã–sterreich;414752412;414,752412;01.10.2017;933480269,5;203048,3275
POINT (16.4310403703693 48.2789352503413);w522560594;522560594;way;;;;;;;;generator;;;;;;;;;;;;;;;;;;;;;;;;;;;;;;;photovoltaic;;;solar;;;;;;;;;;;;;;;;;;;;;9;9;Wien;1;Ã–sterreich;414752412;414,752412;01.10.2017;933480269,5;203048,3275
POINT (16.4308092 48.2780113);w522560595;522560595;way;;;;;;;;generator;;;;;;;;;;;;;;;;;;;;;;;;;;;;;;;photovoltaic;;;solar;;;;;;;;;;;;;;;;;;;;;9;9;Wien;1;Ã–sterreich;414752412;414,752412;01.10.2017;933480269,5;203048,3275
POINT (16.4306861 48.2780213);w522560596;522560596;way;;;;;;;;generator;;;;;;;;;;;;;;;;;;;;;;;;;;;;;;;photovoltaic;;;solar;;;;;;;;;;;;;;;;;;;;;9;9;Wien;1;Ã–sterreich;414752412;414,752412;01.10.2017;933480269,5;203048,3275
POINT (16.4309293504344 48.2789476222971);w522560597;522560597;way;;;;;;;;generator;;;;;;;;;;;;;;;;;;;;;;;;;;;;;;;photovoltaic;;;solar;;;;;;;;;;;;;;;;;;;;;9;9;Wien;1;Ã–sterreich;414752412;414,752412;01.10.2017;933480269,5;203048,3275
POINT (15.6141730664731 48.3648985625232);w558783264;558783264;way;;;Hackschnitzel-Heizwerk;;;;wood;plant;;;;;;;;;;;;;;;;;;;;;;;;;;;;;;;;;;;;;;;;;;;;;;;;yes;;;;;;;3;3;NiederÃ¶sterreich;1;Ã–sterreich;19179264850;19179,26485;01.10.2017;43300422994;1756980,271
POINT (10.7222492640045 47.2099776398714);w566132574;566132574;way;;;;;;;;;;;;;;;;;;;;-1;;;;;;;;;;;;;;;;;;;;;;;;;;;;;;;;;;;;;;;;;;;7;7;Tirol;1;Ã–sterreich;12648339352;12648,33935;01.10.2017;27380103698;1538631,046
POINT (16.45348555 48.12483515);w567088239;567088239;way;;;;;photovoltaic;yes;solar;plant;;;;;;;;;;;;;;;;;;;;;;;;;;;;;;;;;;;;;;;;;;;;;;;;;;;;;;;3;3;NiederÃ¶sterreich;1;Ã–sterreich;19179264850;19179,26485;01.10.2017;43300422994;1756980,271
POINT (16.4762921900096 48.1230555033704);w567088240;567088240;way;;;;;photovoltaic;yes;solar;plant;;;;;;;;;;;;;;;;;;;;;;;;;;;;;;;;;;;;;;;;;;;;;;;;;;;;;;;3;3;NiederÃ¶sterreich;1;Ã–sterreich;19179264850;19179,26485;01.10.2017;43300422994;1756980,271
POINT (14.833770048308 47.9433751430522);w573110900;573110900;way;;;;;;yes;hydro;plant;;;;;;;;;;;;;;;;;;;;;;;;;;;;;;;;;;;;;;;;;;;;;;;;;;;;;;;3;3;NiederÃ¶sterreich;1;Ã–sterreich;19179264850;19179,26485;01.10.2017;43300422994;1756980,271
POINT (13.3439405838722 46.895289299467);w592380599;592380599;way;;;Reißeck II;Verbund Hydro Power GmbH;;430 MW;hydro;plant;;;;;https://www.verbund.com/de-de/ueber-verbund/kraftwerke/unsere-kraftwerke/reisseck2;de:Kraftwerksgruppe Reißeck-Kreuzeck;;;;;;;;;;;;2016;;;;;;;;;;;;;;;;;;;;;;;;;;;;;;;;;;;;;2;2;KÃ¤rnten;1;Ã–sterreich;9536545489;9536,545489;01.10.2017;20336372390;1007787,631
POINT (16.4357445070185 48.2113139178318);w601864773;601864773;way;;;Kleinwasserkraftwerk Wehr 1;Wien Energie;;100 kW;hydro;plant;;;;;https://www.wien.gv.at/umwelt/gewaesser/donauinsel/kleinwasserkraftwerk.html;;;;;;;;;;;;;;;;;;;;;;;;;;;;;;;;;;;;;;;;;;;;;;;;;;9;9;Wien;1;Ã–sterreich;414752412;414,752412;01.10.2017;933480269,5;203048,3275
POINT (14.3896304601743 46.7497457336904);w603725586;603725586;way;;;Sonnenkraftwerk Untermühlbach;SKW Sonnenpark GmbH;photovoltaic;yes;solar;plant;;;;;;;;;;;;;;;;;;2010;;;;;;;;;;;;;;1 MWp;;solar;;;;;;;;;;;;;;;;;;;;;2;2;KÃ¤rnten;1;Ã–sterreich;9536545489;9536,545489;01.10.2017;20336372390;1007787,631
POINT (10.1604520359968 47.1814207867629);w635726248;635726248;way;;;Biomasse Heizwerk Zürs GmbH;Biomasse Heizwerk Zürs GmbH;;;;plant;;;;;;;;;;;;;;;;;;;;Lech;AT;297;Zürs;6763;Zürs;;;;;;;;;;;;;;;;;;;;;;;yes;;;;;;;8;8;Vorarlberg;1;Ã–sterreich;2601657495;2601,657495;01.10.2017;5644477720;499349,0041
POINT (14.938822149648 48.0906305481287);w649175786;649175786;way;;;;;;;solar;plant;;;;;;;;;;;;;;;;;;;;;;;;;;;;;;;;;;;;;;;;;;;;;;;;;;;;;;;3;3;NiederÃ¶sterreich;1;Ã–sterreich;19179264850;19179,26485;01.10.2017;43300422994;1756980,271
POINT (13.1145488558489 47.0865743266237);w659744850;659744850;way;;;Kraftwerk Böckstein;Salzburg AG;;44.5 MW;hydro;plant;;;;;https://www.salzburg-ag.at/erzeugung/unsere-kraftwerke/wasserkraftwerk-bckstein-2593/;;;;;;;;;;;;;1981;;Bad Gastein;AT;9;;5645;Heilstollenstraße;;;;;;;;;;;;;;;;;;;;;;;;;;;;;;5;5;Salzburg;1;Ã–sterreich;7154584478;7154,584478;01.10.2017;15614090483;1149859,065
POINT (13.0622745846045 47.0664793472386);w660188003;660188003;way;;;Kraftwerk Nassfeld;Salzburg AG;;31.5 MW;hydro;plant;;Q30974119;;;https://www.salzburg-ag.at/erzeugung/unsere-kraftwerke/wasserkraftwerk-nassfeld-2592/;;;;;;;;;;;;;1982;;;;;;;;;;;;;;;;;;;;;;;;;;;;;;;;;;;;;5;5;Salzburg;1;Ã–sterreich;7154584478;7154,584478;01.10.2017;15614090483;1149859,065
POINT (16.39060525 48.1269364);w672989364;672989364;way;;;;;photovoltaic;yes;solar;plant;;;;;;;;;;;;;;;;;;;;;;;;;;;;;;;;;;;;;;;;;;;;;;;;;;;;;;;9;9;Wien;1;Ã–sterreich;414752412;414,752412;01.10.2017;933480269,5;203048,3275
POINT (16.3881636805195 48.1271107521328);w672989371;672989371;way;;;;;photovoltaic;yes;solar;plant;;;;;;;;;;;;;;;;;;;;;;;;;;;;;;;;;;;;;;;;;;;;;;;;;;;;;;;9;9;Wien;1;Ã–sterreich;414752412;414,752412;01.10.2017;933480269,5;203048,3275
POINT (12.52066792063 47.1909273720715);w698991274;698991274;way;;;Energierückgewinnungsstation Taimeralm;Transalpine Ölleitung in Österreich Ges.m.b.H;;2.5 MW;hydro;plant;;;;;;;;;;;;;;;;;;2018-09;;Mittersill;AT;41;Unterfelben;5730;;;01.04.2019;;;;;;;;;;;;;;;;;;;Öl-Laufkraftwerk zur Energierückgewinnung;;;;;;;;;5;5;Salzburg;1;Ã–sterreich;7154584478;7154,584478;01.10.2017;15614090483;1149859,065
POINT (13.4365176572398 48.1288135924871);w701043650;701043650;way;;;;;photovoltaic;yes;solar;plant;;;;;;;;;;;;;;;;;;;;;;;;;;;;;;;;;;;;;;;;;;;;;;;;;;;;;;;4;4;OberÃ¶sterreich;1;Ã–sterreich;11982589835;11982,58984;01.10.2017;26892314899;1320561,023
POINT (12.1385917216653 47.560389076947);w720378945;720378945;way;;;Kraftwerk Langkampfen;Tiroler Wasserkraft AG;run-of-the-river;31.5 MW;hydro;plant;;Q62084593;;;;de:Kraftwerk Langkampfen;;;;;;;;;;;;;;;;;;;;;;;;;;;;;;;;;;;;;;;;;;;;;;;;;7;7;Tirol;1;Ã–sterreich;12648339352;12648,33935;01.10.2017;27380103698;1538631,046
POINT (15.7177258493039 48.3206562909386);w726170676;726170676;way;;;;;photovoltaic;yes;solar;plant;;;;;;;;;;;;;;;;fence;;;;;;;;;;;;;;;;;;;;;;;;;;;;;;;;;;;;;;;3;3;NiederÃ¶sterreich;1;Ã–sterreich;19179264850;19179,26485;01.10.2017;43300422994;1756980,271
POINT (15.2383321757213 46.7388072015193);w737562220;737562220;way;;;Photovoltaikanlage IGE;;photovoltaic;yes;solar;plant;;;;;;;;;;;;;;;;;;;;;;;;;;;;;;;;;;;;;;;;;;;;;;;;;;;;;;;6;6;Steiermark;1;Ã–sterreich;16398760502;16398,7605;01.10.2017;35629716603;1380312,421
POINT (16.4541428809414 48.235284108767);w743179025;743179025;way;;;;;;;;plant;;;;;;;;;;;;;;;;;;;;;;;;;;;;;;;;;;;;;;;;;;;;;;;;;;;;;;;9;9;Wien;1;Ã–sterreich;414752412;414,752412;01.10.2017;933480269,5;203048,3275
POINT (11.4078425771379 47.2808032090108);w775688794;775688794;way;;;Naturstrom Mühlau;Naturstrom Mühlau GmbH;;964 kW;hydro;plant;;;;;;;;;;;;;;;;;;2005;;;;;;;;;;;;https://www.ikb.at/unternehmen/kraftwerke/kraftwerk-naturstrom-muehlau;;;;;;;;;;;;;;;;;;;;;;;;;7;7;Tirol;1;Ã–sterreich;12648339352;12648,33935;01.10.2017;27380103698;1538631,046
POINT (16.2634228232394 47.9935661965701);w776057844;776057844;way;;;;;photovoltaic;yes;solar;plant;;;;;;;;;;;;;;;;;;;;;;;;;;;;;;;;;;;;;;;;;;;;;;;;;;;;;;;3;3;NiederÃ¶sterreich;1;Ã–sterreich;19179264850;19179,26485;01.10.2017;43300422994;1756980,271
POINT (15.2354128710323 48.2194026709472);w776901780;776901780;way;;;;;photovoltaic;yes;solar;plant;;;;;;;;;;;;;;;;;;;;;;;;;;;;;;;;;;;;;;;;;;;;;;;;;;;;;;;3;3;NiederÃ¶sterreich;1;Ã–sterreich;19179264850;19179,26485;01.10.2017;43300422994;1756980,271
POINT (13.4282695375598 47.3856090234599);w778744393;778744393;way;;;;;photovoltaic;yes;solar;plant;;;;;;;;;;;;;;;;;;;;;;;;;;;;;;;;;;;;;;;;;;;;;;;;;;;;;;;5;5;Salzburg;1;Ã–sterreich;7154584478;7154,584478;01.10.2017;15614090483;1149859,065
POINT (13.4050373673373 47.3938983988142);w779442377;779442377;way;;;;;photovoltaic;yes;solar;plant;;;;;;;;;;;;;;;;;;;;;;;;;;;;;;;;;;;;;;;;;;;;;;;;;;;;;;;5;5;Salzburg;1;Ã–sterreich;7154584478;7154,584478;01.10.2017;15614090483;1149859,065
POINT (15.7527248888563 48.4088989294163);w787147013;787147013;way;;;;;photovoltaic;yes;solar;plant;;;;;;;;;;;;;;;;;;;;;;;;;;;;;;;;;;;;;;;;;;;;;;;;;;;;;;;3;3;NiederÃ¶sterreich;1;Ã–sterreich;19179264850;19179,26485;01.10.2017;43300422994;1756980,271
POINT (15.7774396568716 48.4110578249346);w787147016;787147016;way;;;;;photovoltaic;yes;solar;plant;;;;;;;;;;;;;;;;;;;;;;;;;;;;;;;;;;;;;;;;;;;;;;;;;;;;;;;3;3;NiederÃ¶sterreich;1;Ã–sterreich;19179264850;19179,26485;01.10.2017;43300422994;1756980,271
POINT (15.6654468351378 47.6174517086542);w802903363;802903363;way;;;;;run-of-the-river;~22 kW;hydro;plant;;;;;;;;;;;;;;;;;;;;;;;;;;;;;;;;;;;;;;;;;;;;;;;;;;;;;;;6;6;Steiermark;1;Ã–sterreich;16398760502;16398,7605;01.10.2017;35629716603;1380312,421
POINT (15.0570932130424 46.9523261197056);w818057826;818057826;way;;;;;photovoltaic;yes;solar;plant;;;;;;;;;;;;;;;;;;;;;;;;;;;;;;;;;;;;;;;;;;;;;;;;;;;;;;;6;6;Steiermark;1;Ã–sterreich;16398760502;16398,7605;01.10.2017;35629716603;1380312,421
POINT (12.8030921487794 47.3767264235624);w841795769;841795769;way;;;;;photovoltaic;yes;solar;plant;;;;;;;;;;;;;;;;;;;;;;;;;;;;;;;;;;;;;;;;;;;;;;;;;;;;;;;5;5;Salzburg;1;Ã–sterreich;7154584478;7154,584478;01.10.2017;15614090483;1149859,065
POINT (12.8046638690276 47.3890757586238);w841893547;841893547;way;;;;;photovoltaic;yes;solar;plant;;;;;;;;;;;;;;;;;;;;;;;;;;;;;;;;;;;;;;;;;;;;;;;;;;;;;;;5;5;Salzburg;1;Ã–sterreich;7154584478;7154,584478;01.10.2017;15614090483;1149859,065
POINT (14.7010379011179 47.686929001052);w868159471;868159471;way;;;;;photovoltaic;yes;solar;plant;;;;;;;;;;;;;;;;;;;;;;;;;;;;;;;;;;;;;;;;;;;;;;;;;;;;;;;6;6;Steiermark;1;Ã–sterreich;16398760502;16398,7605;01.10.2017;35629716603;1380312,421
POINT (14.6988221933424 47.6881959106174);w868159473;868159473;way;;;;;photovoltaic;yes;solar;plant;;;;;;;;;;;;;;;;;;;;;;;;;;;;;;;;;;;;;;;;;;;;;;;;;;;;;;;6;6;Steiermark;1;Ã–sterreich;16398760502;16398,7605;01.10.2017;35629716603;1380312,421
POINT (14.7010580901072 47.6874385371321);w868159474;868159474;way;;;;;photovoltaic;yes;solar;plant;;;;;;;;;;;;;;;;;;;;;;;;;;;;;;;;;;;;;;;;;;;;;;;;;;;;;;;6;6;Steiermark;1;Ã–sterreich;16398760502;16398,7605;01.10.2017;35629716603;1380312,421
POINT (14.7009261539672 47.6875024252817);w868159475;868159475;way;;;;;photovoltaic;yes;solar;plant;;;;;;;;;;;;;;;;;;;;;;;;;;;;;;;;;;;;;;;;;;;;;;;;;;;;;;;6;6;Steiermark;1;Ã–sterreich;16398760502;16398,7605;01.10.2017;35629716603;1380312,421
POINT (14.7008879777213 47.6867384791864);w868159478;868159478;way;;;;;photovoltaic;yes;solar;plant;;;;;;;;;;;;;;;;;;;;;;;;;;;;;;;;;;;;;;;;;;;;;;;;;;;;;;;6;6;Steiermark;1;Ã–sterreich;16398760502;16398,7605;01.10.2017;35629716603;1380312,421
POINT (14.6995850719059 47.6879448382527);w868159481;868159481;way;;;;;photovoltaic;yes;solar;plant;;;;;;;;;;;;;;;;;;;;;;;;;;;;;;;;;;;;;;;;;;;;;;;;;;;;;;;6;6;Steiermark;1;Ã–sterreich;16398760502;16398,7605;01.10.2017;35629716603;1380312,421
POINT (14.7005589212957 47.6877499117051);w868159482;868159482;way;;;;;photovoltaic;yes;solar;plant;;;;;;;;;;;;;;;;;;;;;;;;;;;;;;;;;;;;;;;;;;;;;;;;;;;;;;;6;6;Steiermark;1;Ã–sterreich;16398760502;16398,7605;01.10.2017;35629716603;1380312,421
POINT (14.7008862212274 47.6866758440195);w868159485;868159485;way;;;;;photovoltaic;yes;solar;plant;;;;;;;;;;;;;;;;;;;;;;;;;;;;;;;;;;;;;;;;;;;;;;;;;;;;;;;6;6;Steiermark;1;Ã–sterreich;16398760502;16398,7605;01.10.2017;35629716603;1380312,421
POINT (14.7010880008985 47.6872460079866);w868159488;868159488;way;;;;;photovoltaic;yes;solar;plant;;;;;;;;;;;;;;;;;;;;;;;;;;;;;;;;;;;;;;;;;;;;;;;;;;;;;;;6;6;Steiermark;1;Ã–sterreich;16398760502;16398,7605;01.10.2017;35629716603;1380312,421
POINT (14.7009374697289 47.6864245135118);w868159490;868159490;way;;;;;photovoltaic;yes;solar;plant;;;;;;;;;;;;;;;;;;;;;;;;;;;;;;;;;;;;;;;;;;;;;;;;;;;;;;;6;6;Steiermark;1;Ã–sterreich;16398760502;16398,7605;01.10.2017;35629716603;1380312,421
POINT (14.7008894549171 47.6867999981147);w868159494;868159494;way;;;;;photovoltaic;yes;solar;plant;;;;;;;;;;;;;;;;;;;;;;;;;;;;;;;;;;;;;;;;;;;;;;;;;;;;;;;6;6;Steiermark;1;Ã–sterreich;16398760502;16398,7605;01.10.2017;35629716603;1380312,421
POINT (14.700874605862 47.6866120670196);w868159495;868159495;way;;;;;photovoltaic;yes;solar;plant;;;;;;;;;;;;;;;;;;;;;;;;;;;;;;;;;;;;;;;;;;;;;;;;;;;;;;;6;6;Steiermark;1;Ã–sterreich;16398760502;16398,7605;01.10.2017;35629716603;1380312,421
POINT (14.7008010775283 47.687566709871);w868159496;868159496;way;;;;;photovoltaic;yes;solar;plant;;;;;;;;;;;;;;;;;;;;;;;;;;;;;;;;;;;;;;;;;;;;;;;;;;;;;;;6;6;Steiermark;1;Ã–sterreich;16398760502;16398,7605;01.10.2017;35629716603;1380312,421
POINT (14.7010409230018 47.6869919009205);w868159498;868159498;way;;;;;photovoltaic;yes;solar;plant;;;;;;;;;;;;;;;;;;;;;;;;;;;;;;;;;;;;;;;;;;;;;;;;;;;;;;;6;6;Steiermark;1;Ã–sterreich;16398760502;16398,7605;01.10.2017;35629716603;1380312,421
POINT (14.7007783127026 47.6863599767079);w868159500;868159500;way;;;;;photovoltaic;yes;solar;plant;;;;;;;;;;;;;;;;;;;;;;;;;;;;;;;;;;;;;;;;;;;;;;;;;;;;;;;6;6;Steiermark;1;Ã–sterreich;16398760502;16398,7605;01.10.2017;35629716603;1380312,421
POINT (14.7010409232103 47.6873091040941);w868159501;868159501;way;;;;;photovoltaic;yes;solar;plant;;;;;;;;;;;;;;;;;;;;;;;;;;;;;;;;;;;;;;;;;;;;;;;;;;;;;;;6;6;Steiermark;1;Ã–sterreich;16398760502;16398,7605;01.10.2017;35629716603;1380312,421
POINT (14.6990812897813 47.6880682761478);w868159503;868159503;way;;;;;photovoltaic;yes;solar;plant;;;;;;;;;;;;;;;;;;;;;;;;;;;;;;;;;;;;;;;;;;;;;;;;;;;;;;;6;6;Steiermark;1;Ã–sterreich;16398760502;16398,7605;01.10.2017;35629716603;1380312,421
POINT (14.7009400327801 47.6864879574986);w868159505;868159505;way;;;;;photovoltaic;yes;solar;plant;;;;;;;;;;;;;;;;;;;;;;;;;;;;;;;;;;;;;;;;;;;;;;;;;;;;;;;6;6;Steiermark;1;Ã–sterreich;16398760502;16398,7605;01.10.2017;35629716603;1380312,421
POINT (14.7010574108836 47.6873732858821);w868159506;868159506;way;;;;;photovoltaic;yes;solar;plant;;;;;;;;;;;;;;;;;;;;;;;;;;;;;;;;;;;;;;;;;;;;;;;;;;;;;;;6;6;Steiermark;1;Ã–sterreich;16398760502;16398,7605;01.10.2017;35629716603;1380312,421
POINT (14.6998542476305 47.6878787717202);w868159507;868159507;way;;;;;photovoltaic;yes;solar;plant;;;;;;;;;;;;;;;;;;;;;;;;;;;;;;;;;;;;;;;;;;;;;;;;;;;;;;;6;6;Steiermark;1;Ã–sterreich;16398760502;16398,7605;01.10.2017;35629716603;1380312,421
POINT (14.7008957262589 47.6868646637619);w868159508;868159508;way;;;;;photovoltaic;yes;solar;plant;;;;;;;;;;;;;;;;;;;;;;;;;;;;;;;;;;;;;;;;;;;;;;;;;;;;;;;6;6;Steiermark;1;Ã–sterreich;16398760502;16398,7605;01.10.2017;35629716603;1380312,421
POINT (14.7010414472263 47.6870548451236);w868159511;868159511;way;;;;;photovoltaic;yes;solar;plant;;;;;;;;;;;;;;;;;;;;;;;;;;;;;;;;;;;;;;;;;;;;;;;;;;;;;;;6;6;Steiermark;1;Ã–sterreich;16398760502;16398,7605;01.10.2017;35629716603;1380312,421
POINT (14.7003304746658 47.6878112248858);w868159512;868159512;way;;;;;photovoltaic;yes;solar;plant;;;;;;;;;;;;;;;;;;;;;;;;;;;;;;;;;;;;;;;;;;;;;;;;;;;;;;;6;6;Steiermark;1;Ã–sterreich;16398760502;16398,7605;01.10.2017;35629716603;1380312,421
POINT (14.6988961275154 47.6881332590777);w868159514;868159514;way;;;;;photovoltaic;yes;solar;plant;;;;;;;;;;;;;;;;;;;;;;;;;;;;;;;;;;;;;;;;;;;;;;;;;;;;;;;6;6;Steiermark;1;Ã–sterreich;16398760502;16398,7605;01.10.2017;35629716603;1380312,421
POINT (14.7010833905709 47.6871194612002);w868159517;868159517;way;;;;;photovoltaic;yes;solar;plant;;;;;;;;;;;;;;;;;;;;;;;;;;;;;;;;;;;;;;;;;;;;;;;;;;;;;;;6;6;Steiermark;1;Ã–sterreich;16398760502;16398,7605;01.10.2017;35629716603;1380312,421
POINT (14.7008733551336 47.6865496555768);w868159518;868159518;way;;;;;photovoltaic;yes;solar;plant;;;;;;;;;;;;;;;;;;;;;;;;;;;;;;;;;;;;;;;;;;;;;;;;;;;;;;;6;6;Steiermark;1;Ã–sterreich;16398760502;16398,7605;01.10.2017;35629716603;1380312,421
POINT (14.7007136909439 47.6876308284613);w868159519;868159519;way;;;;;photovoltaic;yes;solar;plant;;;;;;;;;;;;;;;;;;;;;;;;;;;;;;;;;;;;;;;;;;;;;;;;;;;;;;;6;6;Steiermark;1;Ã–sterreich;16398760502;16398,7605;01.10.2017;35629716603;1380312,421
POINT (14.699287191041 47.6880060443767);w868159521;868159521;way;;;;;photovoltaic;yes;solar;plant;;;;;;;;;;;;;;;;;;;;;;;;;;;;;;;;;;;;;;;;;;;;;;;;;;;;;;;6;6;Steiermark;1;Ã–sterreich;16398760502;16398,7605;01.10.2017;35629716603;1380312,421
POINT (14.7010853584894 47.6871821039548);w868159524;868159524;way;;;;;photovoltaic;yes;solar;plant;;;;;;;;;;;;;;;;;;;;;;;;;;;;;;;;;;;;;;;;;;;;;;;;;;;;;;;6;6;Steiermark;1;Ã–sterreich;16398760502;16398,7605;01.10.2017;35629716603;1380312,421
POINT (14.7005591083526 47.6876906223436);w868159525;868159525;way;;;;;photovoltaic;yes;solar;plant;;;;;;;;;;;;;;;;;;;;;;;;;;;;;;;;;;;;;;;;;;;;;;;;;;;;;;;6;6;Steiermark;1;Ã–sterreich;16398760502;16398,7605;01.10.2017;35629716603;1380312,421
POINT (15.2384178146643 46.7393823223644);w876554058;876554058;way;;;Photovoltaikanlage eco-tec.at;eco-tec.at Photovoltaics GmbH;photovoltaic;780 kWp;solar;plant;;;;;;;;;;;;;;;;;;2021;;;;;;;;;;;;;;;;;;;;;;;;;;;;;;;;;yes;;;;6;6;Steiermark;1;Ã–sterreich;16398760502;16398,7605;01.10.2017;35629716603;1380312,421
POINT (11.7582313073682 47.3879789751588);w878661844;878661844;way;;;;;photovoltaic;yes;solar;plant;;;;;;;;;;;;;;;;;;;;;;;;;;;;;;;;;;;;;;;;;;;;;;;;;;;;;;;7;7;Tirol;1;Ã–sterreich;12648339352;12648,33935;01.10.2017;27380103698;1538631,046
POINT (12.0788725210086 47.5104751334675);w880516680;880516680;way;;;Kraftwerk Kirchbichl Dotieranlage;Tiroler Wasserkraft AG;run-of-the-river;;hydro;plant;;;;;;;;;;;;;;;;;;;;;;;;;;;;;;;;;;;;;;;;;;;;;;;;;;;;;;;7;7;Tirol;1;Ã–sterreich;12648339352;12648,33935;01.10.2017;27380103698;1538631,046
POINT (14.7048184113253 47.9579498163777);w881019378;881019378;way;;;;;photovoltaic;yes;solar;plant;;;;;;;;;;;;;;;;;;;;;;;;;;;;;;;;;;;;;;;;;;;;;;;;;;;;;;;3;3;NiederÃ¶sterreich;1;Ã–sterreich;19179264850;19179,26485;01.10.2017;43300422994;1756980,271
POINT (14.7046807511464 47.9578908152557);w881019379;881019379;way;;;;;photovoltaic;yes;solar;plant;;;;;;;;;;;;;;;;;;;;;;;;;;;;;;;;;;;;;;;;;;;;;;;;;;;;;;;3;3;NiederÃ¶sterreich;1;Ã–sterreich;19179264850;19179,26485;01.10.2017;43300422994;1756980,271
POINT (14.7045345947849 47.9578385486054);w881019380;881019380;way;;;;;photovoltaic;yes;solar;plant;;;;;;;;;;;;;;;;;;;;;;;;;;;;;;;;;;;;;;;;;;;;;;;;;;;;;;;3;3;NiederÃ¶sterreich;1;Ã–sterreich;19179264850;19179,26485;01.10.2017;43300422994;1756980,271
POINT (14.6433616398836 47.8479177270973);w881470500;881470500;way;;;;;photovoltaic;yes;solar;plant;;;;;;;;;;;;;;;;;;;;;;;;;;;;;;;;;;;;;;;;;;;;;;;;;;;;;;;4;4;OberÃ¶sterreich;1;Ã–sterreich;11982589835;11982,58984;01.10.2017;26892314899;1320561,023
POINT (14.6434800391879 47.84807599032);w881470501;881470501;way;;;;;photovoltaic;yes;solar;plant;;;;;;;;;;;;;;;;;;;;;;;;;;;;;;;;;;;;;;;;;;;;;;;;;;;;;;;4;4;OberÃ¶sterreich;1;Ã–sterreich;11982589835;11982,58984;01.10.2017;26892314899;1320561,023
POINT (13.99800995 48.4820037);w888586639;888586639;way;;;Druckstollen KW Partenstein;Energie AG;;;;;;;;;;;;;;;;-3;;;;;;;;;;;;;;;;;;;;;;;;;26m³/s;2800;;underground;pipeline;;water;headrace;canal;;;;;;;pressurised;forward;flooded;4;4;OberÃ¶sterreich;1;Ã–sterreich;11982589835;11982,58984;01.10.2017;26892314899;1320561,023
POINT (13.9905149297488 48.4574701006848);w888586640;888586640;way;;;Druckstollen KW Partenstein;Energie AG;;;;;;;;;;;;;;;;-3;;;;;;;;;;;;;;;;;;;;;;;;;26m³/s;2800;;underground;pipeline;;water;headrace;canal;;;;;;;pressurised;forward;flooded;4;4;OberÃ¶sterreich;1;Ã–sterreich;11982589835;11982,58984;01.10.2017;26892314899;1320561,023
POINT (13.99694515 48.4782484);w888586641;888586641;way;;;Druckstollen KW Partenstein;Energie AG;;;;;;;;;;;;;;;;-3;;;;;;;;;;;;;;;;;;;;;;;;;26m³/s;2800;;underground;pipeline;;water;headrace;canal;;;;;;;pressurised;forward;flooded;4;4;OberÃ¶sterreich;1;Ã–sterreich;11982589835;11982,58984;01.10.2017;26892314899;1320561,023
POINT (13.9860957614367 48.4335940014425);w888586642;888586642;way;;;Druckrohrleitung Stausee Langhalsen-Kraftwerk Partenstein;Energie AG;;;;;;;;;;;;;;;;-3;;;;;;;;;;;;;;;;;;;;;;;;;26m³/s;2600;forward;overground;pipeline;17,6;water;headrace;pressurised;;;;;;;pressurised;forward;culvert;4;4;OberÃ¶sterreich;1;Ã–sterreich;11982589835;11982,58984;01.10.2017;26892314899;1320561,023
POINT (13.985871831397 48.4333926025976);w888586643;888586643;way;;;Druckrohrleitung Stausee Langhalsen-Kraftwerk Partenstein;Energie AG;;;;;;;;;;;;;;;;-3;;;;;;;;;;;;;;;;;;;;;;;;;13m³/s;1600;forward;overground;pipeline;17,6;water;headrace;pressurised;;;;;;;pressurised;forward;culvert;4;4;OberÃ¶sterreich;1;Ã–sterreich;11982589835;11982,58984;01.10.2017;26892314899;1320561,023
POINT (13.9849328601216 48.4322221676385);w888586644;888586644;way;;;Unterwasserstollen Kraftwerk Partenstein;;;;;;;;;;;;;;;;;-1;;;;;;;;;;;;;;;;;;;;;;;;;;;forward;;;;water;;drain;;;;;;;;;culvert;4;4;OberÃ¶sterreich;1;Ã–sterreich;11982589835;11982,58984;01.10.2017;26892314899;1320561,023
POINT (13.985444373725 48.4330513451392);w888586645;888586645;way;;;Nachschaltanlage;Energie AG;;;hydro;plant;;;;;;;;;;;;;;;;;;;;;;;;;;;;;;;;;;;;;;;;;;;;;;;;;;;;;;;4;4;OberÃ¶sterreich;1;Ã–sterreich;11982589835;11982,58984;01.10.2017;26892314899;1320561,023
POINT (13.9857617346497 48.4333830769002);w888586649;888586649;way;;;;;;;;;;;;;;;;;;;;-3;;;;;;;;;;;;;;;;;;;;;;;;;;;forward;;;;water;;drain;;;;;;;;;culvert;4;4;OberÃ¶sterreich;1;Ã–sterreich;11982589835;11982,58984;01.10.2017;26892314899;1320561,023
POINT (13.9855766 48.43311525);w888586651;888586651;way;;;;Energie AG;;;;;;;;;;;;;;;;-1;;;;;;;;;;;;;;;;;;;;;;;;;;;forward;;;;water;;pressurised;;;;;;;;;culvert;4;4;OberÃ¶sterreich;1;Ã–sterreich;11982589835;11982,58984;01.10.2017;26892314899;1320561,023
POINT (16.2652397360625 48.107242646353);w891931978;891931978;way;;;;;photovoltaic;;solar;plant;;;;;;;;;;;;;;;;;;;;;;;;;;;;;;;;;;;;;;;;;;;;;;;;;;;;;;;3;3;NiederÃ¶sterreich;1;Ã–sterreich;19179264850;19179,26485;01.10.2017;43300422994;1756980,271
POINT (13.98840705 48.44366565);w893449889;893449889;way;;;Stollenfenster 2;;;;;;;;;;;;;;;;;-1;;;;;;;;;;;;;;;;;;;;;;;;;;;;;;;;;;;;;;;;;;yes;4;4;OberÃ¶sterreich;1;Ã–sterreich;11982589835;11982,58984;01.10.2017;26892314899;1320561,023
POINT (13.9927982154138 48.4727830183383);w893449890;893449890;way;;;Stollenfenster 1;;;;;;;;;;;;;;;;;-1;;;;;;;;;;;;;;;;;;;;;;;;;;;;;;;;;;;;;;;;;;yes;4;4;OberÃ¶sterreich;1;Ã–sterreich;11982589835;11982,58984;01.10.2017;26892314899;1320561,023
POINT (13.99700595 48.4780964);w893449891;893449891;way;;;Rohrbrücke;Energie AG;;;;;;;;;;;;aqueduct;;;;1;;;;;;;;;;;;;;;;;;;;;;;;;26m³/s;2800;;overground;pipeline;;water;headrace;canal;;;;;;;pressurised;forward;flooded;4;4;OberÃ¶sterreich;1;Ã–sterreich;11982589835;11982,58984;01.10.2017;26892314899;1320561,023
POINT (13.99708585 48.47789675);w893449892;893449892;way;;;Druckstollen KW Partenstein;Energie AG;;;;;;;;;;;;;;;;-3;;;;;;;;;;;;;;;;;;;;;;;;;26m³/s;2800;;underground;pipeline;;water;headrace;canal;;;;;;;pressurised;forward;flooded;4;4;OberÃ¶sterreich;1;Ã–sterreich;11982589835;11982,58984;01.10.2017;26892314899;1320561,023
POINT (14.0021339 48.48759125);w893516026;893516026;way;;;;;;;;;;;;;;;;yes;;;;1;;;;;;;;;;;;;;;;;;;;;;;;;;;;;;;;;;;;;;;;;;;4;4;OberÃ¶sterreich;1;Ã–sterreich;11982589835;11982,58984;01.10.2017;26892314899;1320561,023
POINT (13.98564015 48.43336425);w893545139;893545139;way;;;;;;;;;;;;;;;;;;;;-1;;;;;;;;;;;;;;;;;;;;;;;;;;;forward;;;;water;;drain;;;;;;;;;culvert;4;4;OberÃ¶sterreich;1;Ã–sterreich;11982589835;11982,58984;01.10.2017;26892314899;1320561,023
POINT (13.9853297 48.4329954);w893545140;893545140;way;;;Unterwasserstollen Kraftwerk Partenstein;;;;;;;;;;;;;;;;;-1;;;;;;;;;;;;;;;;;;;;;;;;;;;forward;;;;water;;drain;;;;;;;;;culvert;4;4;OberÃ¶sterreich;1;Ã–sterreich;11982589835;11982,58984;01.10.2017;26892314899;1320561,023
POINT (13.9857208360562 48.4333625050607);w893545141;893545141;way;;;;;;;;;;;;;;;;;;;;-2;;;;;;;;;;;;;;;;;;;;;;;;;;;forward;;;;water;;drain;;;;;;;;;culvert;4;4;OberÃ¶sterreich;1;Ã–sterreich;11982589835;11982,58984;01.10.2017;26892314899;1320561,023
POINT (13.9858944 48.4334484);w893545142;893545142;way;;;;;;;;;;;;;;;;;;;;-3;;;;;;;;;;;;;;;;;;;;;;;;;;;forward;;;;water;;drain;;;;;;;;;culvert;4;4;OberÃ¶sterreich;1;Ã–sterreich;11982589835;11982,58984;01.10.2017;26892314899;1320561,023
POINT (13.98593545 48.43343285);w893545143;893545143;way;;;Druckrohrleitung Stausee Langhalsen-Kraftwerk Partenstein;Energie AG;;;;;;;;;;;;;;;;-3;;;;;;;;;;;;;;;;;;;;;;;;;13m³/s;1600;forward;overground;pipeline;17,6;water;headrace;pressurised;;;;;;;pressurised;forward;culvert;4;4;OberÃ¶sterreich;1;Ã–sterreich;11982589835;11982,58984;01.10.2017;26892314899;1320561,023
POINT (13.98592675 48.4334167);w893547729;893547729;way;;;;;;;;;;;;;;;;;;;;-1;;;;;;;;;;;;;;;;;;;;;;;;;;;forward;;;;water;;drain;;;;;;;;;culvert;4;4;OberÃ¶sterreich;1;Ã–sterreich;11982589835;11982,58984;01.10.2017;26892314899;1320561,023
POINT (13.98579435 48.43335055);w893547730;893547730;way;;;;;;;;;;;;;;;;;;;;-1;;;;;;;;;;;;;;;;;;;;;;;;;;;forward;;;;water;;drain;;;;;;;;;culvert;4;4;OberÃ¶sterreich;1;Ã–sterreich;11982589835;11982,58984;01.10.2017;26892314899;1320561,023
POINT (14.9776971128461 48.1329575633929);w895763254;895763254;way;;;;;photovoltaic;yes;solar;plant;;;;;;;;;;;;;;;;;;;;;;;;;;;;;;;;;;;;;;;;;;;;;;;;;;;;;;;3;3;NiederÃ¶sterreich;1;Ã–sterreich;19179264850;19179,26485;01.10.2017;43300422994;1756980,271
POINT (15.2322593675903 47.4014902878192);w901181068;901181068;way;;;;;photovoltaic;yes;solar;plant;;;;;;;;;;;;;;;;;;;;;;;;;;;;;;;;;;;;;;;;;;;;;;;;;;;;;;;6;6;Steiermark;1;Ã–sterreich;16398760502;16398,7605;01.10.2017;35629716603;1380312,421
POINT (15.0618863144275 46.9638843341739);w903440177;903440177;way;;;;ASFiNAG;photovoltaic;50 kW;solar;plant;;;;;;;;;;;;;;;;;;;;;;;;;;;;;;;;;;;;;;;;;;;;;;;;;;;;;;;6;6;Steiermark;1;Ã–sterreich;16398760502;16398,7605;01.10.2017;35629716603;1380312,421
POINT (16.1338597126141 47.6887841467857);w910049078;910049078;way;;;;;;;solar;plant;;;;;;;;;;;;;;;;;;;;;;;;;;;;;;;;;;;;;;;;;;;;;;;;;;;;;;;3;3;NiederÃ¶sterreich;1;Ã–sterreich;19179264850;19179,26485;01.10.2017;43300422994;1756980,271
POINT (11.396485506705 47.2153546552127);w922738129;922738129;way;;;;IKB AG;;;;plant;;;;;;;;;;;;;;;;;;;;;;;;;;;;;;;;;;;;;;;;;;;;;;;;;;;;;;;7;7;Tirol;1;Ã–sterreich;12648339352;12648,33935;01.10.2017;27380103698;1538631,046
POINT (16.4681075549731 48.1689428213962);w931583218;931583218;way;;;;;photovoltaic;yes;solar;plant;;;;;;;;;;;;;;;;;;;;;;;;;;;;;;;;;;;;;;;;;;;;;;;;;;;;;;;9;9;Wien;1;Ã–sterreich;414752412;414,752412;01.10.2017;933480269,5;203048,3275
POINT (15.0805443758921 48.163477571772);w934431763;934431763;way;;;;;photovoltaic;yes;solar;plant;;;;;;;;;;;;;;;;;;;;;;;;;;;;;;;;;;;;;;;;;;;;;;;;;;;;;;;3;3;NiederÃ¶sterreich;1;Ã–sterreich;19179264850;19179,26485;01.10.2017;43300422994;1756980,271
POINT (16.2780937038749 47.0620222873894);w946145426;946145426;way;;;Photovoltaikanlage;Eigentümer;photovoltaic;10 KWp;solar;plant;;;;;;;;;;;;;;;;;;22.04.2021;;Güssing;;51a;;7540;Steingraben;;;;;;;;;;;;;;;;;;;;;;;;;;;;;;1;1;Burgenland;1;Ã–sterreich;3965202735;3965,202735;01.10.2017;8695821877;1121735,798
POINT (16.3538827929412 48.0018356814371);w951654529;951654529;way;;;;Wien Energie;photovoltaic;yes;solar;plant;;;;;;;;;;;;;;;;;;;;;;;;;;;;;;;;;;;;;;;;;;;;;;;;;;;;;;;3;3;NiederÃ¶sterreich;1;Ã–sterreich;19179264850;19179,26485;01.10.2017;43300422994;1756980,271
POINT (16.3539582534342 48.0043332869497);w951654530;951654530;way;;;;Wien Energie;photovoltaic;yes;solar;plant;;;;;;;;;;;;;;;;;;;;;;;;;;;;;;;;;;;;;;;;;;;;;;;;;;;;;;;3;3;NiederÃ¶sterreich;1;Ã–sterreich;19179264850;19179,26485;01.10.2017;43300422994;1756980,271
POINT (10.414061308397 47.1414932466004);w952489781;952489781;way;;;;;;;hydro;plant;;;;;;;;;;;;;;;;;;;;;;;;;;;;;;;;;;;;;;;;;;;;;;;;;;;;;;;7;7;Tirol;1;Ã–sterreich;12648339352;12648,33935;01.10.2017;27380103698;1538631,046
POINT (13.4069141608492 47.3456354425401);w957605024;957605024;way;;;;;photovoltaic;yes;solar;plant;;;;;;;;;;;;;;;;;;;;;;;;;;;;;;;;;;;;;;;;;;;;;;;;;;;;;;;5;5;Salzburg;1;Ã–sterreich;7154584478;7154,584478;01.10.2017;15614090483;1149859,065
POINT (13.4099286503486 47.3451925330416);w957605025;957605025;way;;;;;photovoltaic;yes;solar;plant;;;;;;;;;;;;;;;;;;;;;;;;;;;;;;;;;;;;;;;;;;;;;;;;;;;;;;;5;5;Salzburg;1;Ã–sterreich;7154584478;7154,584478;01.10.2017;15614090483;1149859,065
POINT (10.4014831346285 47.070332675667);w968257220;968257220;way;;;;;;;hydro;plant;;;;;;;;;;;;;;;;;;;;;;;;;;;;;;;;;;;;;;;;;;;;;;;;;;;;;;;7;7;Tirol;1;Ã–sterreich;12648339352;12648,33935;01.10.2017;27380103698;1538631,046
POINT (14.3471586723598 46.7565891674952);w969601158;969601158;way;;;;;photovoltaic;yes;solar;plant;;;;;;;;;;;;;;;;;;;;;;;;;;;;;;;;;;;;;;;;;;;;;;;;;;;;;;;2;2;KÃ¤rnten;1;Ã–sterreich;9536545489;9536,545489;01.10.2017;20336372390;1007787,631
POINT (14.3453098779746 46.7557143440077);w969601159;969601159;way;;;;;photovoltaic;yes;solar;plant;;;;;;;;;;;;;;;;;;;;;;;;;;;;;;;;;;;;;;;;;;;;;;;;;;;;;;;2;2;KÃ¤rnten;1;Ã–sterreich;9536545489;9536,545489;01.10.2017;20336372390;1007787,631
POINT (14.1617593296115 48.079409473801);w973035934;973035934;way;;;;;photovoltaic;;solar;plant;;;;;;;;;;;;;;;;;;;;;;;;;;;;;;;;;;;;;;;;;;;;;;;;;;;;;;;4;4;OberÃ¶sterreich;1;Ã–sterreich;11982589835;11982,58984;01.10.2017;26892314899;1320561,023
